순위,시장,종목코드,종목명,현재가,목표가,상승여력(%)
1,KOSPI,36420,콘텐트리중앙,4995,11200,124.22%
2,KOSPI,439260,대한조선,64700,133400,106.18%
3,KOSPI,77970,STX엔진,35600,72000,102.25%
4,KOSPI,11930,신성이엔지,21350,43000,101.41%
5,KOSPI,377300,카카오페이,46500,91250,96.24%
6,KOSPI,17370,우신시스템,4870,9500,95.07%
7,KOSPI,249420,일동제약,19590,38000,93.98%
8,KOSPI,5810,풍산홀딩스,39200,75250,91.96%
9,KOSPI,298020,효성티앤씨,354500,662000,86.74%
10,KOSPI,35150,백산,10710,20000,86.74%
11,KOSPI,10780,아이에스동서,25350,46750,84.42%
12,KOSPI,1680,대상,18720,34500,84.29%
13,KOSPI,194370,제이에스코퍼레이션,11530,21200,83.87%
14,KOSPI,2020,코오롱,54700,100000,82.82%
15,KOSPI,103140,풍산,78100,141855,81.63%
16,KOSPI,317400,자이에스앤디,3750,6800,81.33%
17,KOSPI,71970,HD현대마린엔진,72000,130167,80.79%
18,KOSPI,34830,한국토지신탁,1278,2300,79.97%
19,KOSPI,100840,SNT에너지,36750,66000,79.59%
20,KOSPI,35720,카카오,40450,72053,78.13%
21,KOSPI,71320,지역난방공사,73100,130000,77.84%
22,KOSPI,1430,세아베스틸지주,49500,87278,76.32%
23,KOSPI,640,동아쏘시오홀딩스,85900,151000,75.79%
24,KOSPI,33240,자화전자,35350,62000,75.39%
25,KOSPI,403550,쏘카,11450,20000,74.67%
26,KOSPI,66970,엘앤에프,141700,246739,74.13%
27,KOSPI,4090,한국석유,12100,21000,73.55%
28,KOSPI,75580,세진중공업,16160,28000,73.27%
29,KOSPI,70960,모나용평,2670,4600,72.28%
30,KOSPI,97230,HJ중공업,22950,39500,72.11%
31,KOSPI,1530,DI동일,23250,40000,72.04%
32,KOSPI,352820,하이브,223000,382750,71.64%
33,KOSPI,285130,SK케미칼,46700,80000,71.31%
34,KOSPI,4800,효성,196800,335000,70.22%
35,KOSPI,69620,대웅제약,122700,208000,69.52%
36,KOSPI,122900,아이마켓코리아,7670,13000,69.49%
37,KOSPI,381970,케이카,9180,15500,68.85%
38,KOSPI,100,유한양행,78300,131923,68.48%
39,KOSPI,3030,세아제강지주,148800,250000,68.01%
40,KOSPI,484870,엠앤씨솔루션,89300,150000,67.97%
41,KOSPI,3220,대원제약,9080,15200,67.40%
42,KOSPI,326030,SK바이오팜,88700,148333,67.23%
43,KOSPI,34120,SBS,12870,21500,67.06%
44,KOSPI,170900,동아에스티,36550,61000,66.89%
45,KOSPI,17940,E1,87600,145000,65.53%
46,KOSPI,3570,SNT다이내믹스,46550,77000,65.41%
47,KOSPI,16580,환인제약,10280,17000,65.37%
48,KOSPI,126720,수산인더스트리,24800,41000,65.32%
49,KOSPI,58650,세아홀딩스,130000,214000,64.62%
50,KOSPI,336370,솔루스첨단소재,11340,18667,64.61%
51,KOSPI,14790,HL D&I,2785,4567,63.99%
52,KOSPI,339770,교촌에프앤비,4060,6650,63.79%
53,KOSPI,3230,삼양식품,1143000,1865000,63.17%
54,KOSPI,105840,우진,19690,32000,62.52%
55,KOSPI,6280,녹십자,130000,210833,62.18%
56,KOSPI,259960,크래프톤,237000,382778,61.51%
57,KOSPI,53690,한미글로벌,20650,33333,61.42%
58,KOSPI,5690,파미셀,14620,23500,60.74%
59,KOSPI,17960,한국카본,35650,57250,60.59%
60,KOSPI,214420,토니모리,5610,9000,60.43%
61,KOSPI,280360,롯데웰푸드,106300,170500,60.40%
62,KOSPI,251270,넷마블,41800,67000,60.29%
63,KOSPI,6040,동원산업,34350,55000,60.12%
64,KOSPI,82740,한화엔진,59300,94889,60.02%
65,KOSPI,32350,롯데관광개발,18010,28769,59.74%
66,KOSPI,120110,코오롱인더,72900,116400,59.67%
67,KOSPI,111380,동인기연,13170,21000,59.45%
68,KOSPI,1230,동국홀딩스,2020,3215,59.16%
69,KOSPI,18670,SK가스,231000,367000,58.87%
70,KOSPI,90430,아모레퍼시픽,110400,174882,58.41%
71,KOSPI,1120,LX인터내셔널,42500,67286,58.32%
72,KOSPI,36530,SNT홀딩스,52500,83000,58.10%
73,KOSPI,39130,하나투어,37850,59800,57.99%
74,KOSPI,9420,한올바이오파마,52100,82250,57.87%
75,KOSPI,128940,한미약품,425500,671333,57.78%
76,KOSPI,145720,덴티움,46000,72500,57.61%
77,KOSPI,73240,금호타이어,5090,8022,57.60%
78,KOSPI,234080,JW생명과학,11480,18000,56.79%
79,KOSPI,120,CJ대한통운,87300,136833,56.74%
80,KOSPI,47050,포스코인터내셔널,65300,102250,56.58%
81,KOSPI,207940,삼성바이오로직스,1333000,2083500,56.30%
82,KOSPI,9180,한솔로지스틱스,2885,4500,55.98%
83,KOSPI,20000,한섬,22700,35333,55.65%
84,KOSPI,12450,한화에어로스페이스,1183000,1831667,54.83%
85,KOSPI,52690,한전기술,134600,208000,54.53%
86,KOSPI,241590,화승엔터프라이즈,3610,5575,54.43%
87,KOSPI,11170,롯데케미칼,80800,124692,54.32%
88,KOSPI,3160,디아이,28850,44500,54.25%
89,KOSPI,14830,유니드,71100,109571,54.11%
90,KOSPI,6650,대한유화,138800,213571,53.87%
91,KOSPI,12630,HDC,22450,34500,53.67%
92,KOSPI,84010,대한제강,8720,13400,53.67%
93,KOSPI,95570,AJ네트웍스,4450,6833,53.55%
94,KOSPI,489790,한화비전,71500,109333,52.91%
95,KOSPI,322000,HD현대에너지솔루션,165500,253000,52.87%
96,KOSPI,6400,삼성SDI,549000,838304,52.70%
97,KOSPI,383800,LX홀딩스,8220,12500,52.07%
98,KOSPI,6800,미래에셋증권,51300,77750,51.56%
99,KOSPI,13890,지누스,9900,15000,51.52%
100,KOSPI,13580,계룡건설,21150,32000,51.30%
101,KOSPI,460860,동국제강,10120,15300,51.19%
102,KOSPI,267270,HD건설기계,154600,233667,51.14%
103,KOSPI,185750,종근당,73900,111667,51.11%
104,KOSPI,293480,하나제약,9270,14000,51.02%
105,KOSPI,97520,엠씨넥스,21500,32400,50.70%
106,KOSPI,5300,롯데칠성,107400,161364,50.25%
107,KOSPI,499790,GS피앤엘,48750,73167,50.09%
108,KOSPI,68270,셀트리온,174500,261870,50.07%
109,KOSPI,210,DL,54800,82000,49.64%
110,KOSPI,69260,TKG휴켐스,16710,25000,49.61%
111,KOSPI,6360,GS건설,31850,47641,49.58%
112,KOSPI,192820,코스맥스,167000,249588,49.45%
113,KOSPI,483650,달바글로벌,194000,289250,49.10%
114,KOSPI,27410,BGF,4360,6500,49.08%
115,KOSPI,294870,IPARK현대산업개발,20750,30917,49.00%
116,KOSPI,111770,영원무역,81000,120556,48.83%
117,KOSPI,96770,SK이노베이션,112500,167250,48.67%
118,KOSPI,17810,풀무원,10090,15000,48.66%
119,KOSPI,248070,솔루엠,18570,27600,48.63%
120,KOSPI,213500,한솔제지,6900,10250,48.55%
121,KOSPI,5490,POSCO홀딩스,390000,579235,48.52%
122,KOSPI,720,현대건설,147800,219400,48.44%
123,KOSPI,90460,비에이치,29100,43182,48.39%
124,KOSPI,3850,보령,9440,14000,48.31%
125,KOSPI,4000,롯데정밀화학,50600,75000,48.22%
126,KOSPI,64960,SNT모티브,30700,45500,48.21%
127,KOSPI,9900,명신산업,8800,13000,47.73%
128,KOSPI,33270,유나이티드제약,18640,27500,47.53%
129,KOSPI,97950,CJ제일제당,200500,295455,47.36%
130,KOSPI,183190,아세아시멘트,10230,15000,46.63%
131,KOSPI,34230,파라다이스,15460,22667,46.62%
132,KOSPI,3540,대신증권,31250,45667,46.13%
133,KOSPI,86280,현대글로비스,222000,324353,46.10%
134,KOSPI,4020,현대제철,35850,52350,46.03%
135,KOSPI,7660,이수페타시스,123000,178750,45.33%
136,KOSPI,17800,현대엘리베이터,82600,120000,45.28%
137,KOSPI,267250,HD현대,272000,395000,45.22%
138,KOSPI,4370,농심,372000,540000,45.16%
139,KOSPI,71840,롯데하이마트,6820,9900,45.16%
140,KOSPI,80,하이트진로,16010,23200,44.91%
141,KOSPI,34020,두산에너빌리티,103300,149563,44.79%
142,KOSPI,5090,SGC에너지,56500,81667,44.54%
143,KOSPI,139480,이마트,91000,131200,44.18%
144,KOSPI,47810,한국항공우주,154900,223188,44.09%
145,KOSPI,21240,코웨이,91200,131250,43.91%
146,KOSPI,39490,키움증권,390000,560824,43.80%
147,KOSPI,178920,PI첨단소재,23500,33750,43.62%
148,KOSPI,36570,NC,261000,374167,43.36%
149,KOSPI,453340,현대그린푸드,17500,25000,42.86%
150,KOSPI,6260,LS,424000,605556,42.82%
151,KOSPI,105630,한세실업,9110,13000,42.70%
152,KOSPI,20150,롯데에너지머티리얼즈,57700,82238,42.53%
153,KOSPI,10140,삼성중공업,28100,40050,42.53%
154,KOSPI,10130,고려아연,1293000,1841250,42.40%
155,KOSPI,25540,한국단자,77300,110000,42.30%
156,KOSPI,111110,호전실업,6680,9500,42.22%
157,KOSPI,161890,한국콜마,85700,121789,42.11%
158,KOSPI,5830,DB손해보험,153400,217938,42.07%
159,KOSPI,15760,한국전력,39800,56467,41.88%
160,KOSPI,11760,현대코퍼레이션,26200,37000,41.22%
161,KOSPI,89860,롯데렌탈,31600,44625,41.22%
162,KOSPI,112610,씨에스윈드,56800,79889,40.65%
163,KOSPI,880,한화,125300,176200,40.62%
164,KOSPI,373220,LG에너지솔루션,410500,576565,40.45%
165,KOSPI,108670,LX하우시스,34900,49000,40.40%
166,KOSPI,8770,호텔신라,59800,83909,40.32%
167,KOSPI,103590,일진전기,88400,123750,39.99%
168,KOSPI,462870,시프트업,32200,45000,39.75%
169,KOSPI,114090,GKL,11700,16333,39.60%
170,KOSPI,79160,CJ CGV,4730,6600,39.53%
171,KOSPI,272210,한화시스템,106400,148231,39.31%
172,KOSPI,1040,CJ,186800,259600,38.97%
173,KOSPI,81660,미스토홀딩스,42150,58444,38.66%
174,KOSPI,28670,팬오션,5340,7400,38.58%
175,KOSPI,456040,OCI,106600,147500,38.37%
176,KOSPI,375500,DL이앤씨,89400,123625,38.28%
177,KOSPI,520,삼일제약,7240,10000,38.12%
178,KOSPI,64350,현대로템,226500,311944,37.72%
179,KOSPI,5180,빙그레,69200,95000,37.28%
180,KOSPI,9450,경동나비엔,72600,99500,37.05%
181,KOSPI,5070,코스모신소재,46550,63667,36.77%
182,KOSPI,71050,한국금융지주,252500,344625,36.49%
183,KOSPI,3670,포스코퓨처엠,209000,285000,36.36%
184,KOSPI,30190,NICE평가정보,14680,20000,36.24%
185,KOSPI,298050,HS효성첨단소재,207000,281667,36.07%
186,KOSPI,35420,NAVER,242000,329227,36.04%
187,KOSPI,282330,BGF리테일,128200,174214,35.89%
188,KOSPI,306200,세아제강,150000,203400,35.60%
189,KOSPI,1940,KISCO홀딩스,24350,33000,35.52%
190,KOSPI,272450,진에어,6090,8250,35.47%
191,KOSPI,11780,금호석유화학,131900,178385,35.24%
192,KOSPI,150,두산,1699000,2297273,35.21%
193,KOSPI,9540,HD한국조선해양,438500,592857,35.20%
194,KOSPI,36460,한국가스공사,36350,48750,34.11%
195,KOSPI,316140,우리금융지주,33050,44200,33.74%
196,KOSPI,104700,한국철강,8980,12000,33.63%
197,KOSPI,270,기아,170200,227400,33.61%
198,KOSPI,271560,오리온,134000,178846,33.47%
199,KOSPI,175330,JB금융지주,28250,37688,33.41%
200,KOSPI,30200,KT,56600,75500,33.39%
201,KOSPI,35250,강원랜드,16170,21556,33.31%
202,KOSPI,454910,두산로보틱스,109000,145000,33.03%
203,KOSPI,5500,삼진제약,19550,26000,32.99%
204,KOSPI,39570,HDC랩스,7900,10500,32.91%
205,KOSPI,51600,한전KPS,52300,69462,32.81%
206,KOSPI,139130,iM금융지주,18110,24006,32.56%
207,KOSPI,181710,NHN,38700,51273,32.49%
208,KOSPI,5440,현대지에프홀딩스,14350,19000,32.40%
209,KOSPI,990,DB하이텍,158000,209000,32.28%
210,KOSPI,138930,BNK금융지주,18470,24412,32.17%
211,KOSPI,300720,한일시멘트,15150,20000,32.01%
212,KOSPI,2350,넥센타이어,7440,9817,31.95%
213,KOSPI,1440,대한전선,40700,53667,31.86%
214,KOSPI,267260,HD현대일렉트릭,1114000,1468571,31.83%
215,KOSPI,42660,한화오션,129200,170316,31.82%
216,KOSPI,19680,대교,1138,1500,31.81%
217,KOSPI,4990,롯데지주,26850,35333,31.59%
218,KOSPI,4150,한솔홀딩스,3500,4600,31.43%
219,KOSPI,16360,삼성증권,124600,163556,31.26%
220,KOSPI,286940,롯데이노베이트,20200,26500,31.19%
221,KOSPI,279570,케이뱅크,6880,9000,30.81%
222,KOSPI,79430,현대리바트,6530,8533,30.67%
223,KOSPI,329180,HD현대중공업,698000,911048,30.52%
224,KOSPI,10060,OCI홀딩스,318000,413750,30.11%
225,KOSPI,2380,KCC,560000,727333,29.88%
226,KOSPI,241560,두산밥캣,69100,89688,29.79%
227,KOSPI,361610,SK아이이테크놀로지,19990,25900,29.56%
228,KOSPI,278470,에이피알,399500,517222,29.47%
229,KOSPI,5940,NH투자증권,32850,42528,29.46%
230,KOSPI,5880,대한해운,2125,2750,29.41%
231,KOSPI,5930,삼성전자,343000,443750,29.37%
232,KOSPI,138040,메리츠금융지주,114400,148000,29.37%
233,KOSPI,9240,한샘,34950,45000,28.76%
234,KOSPI,14680,한솔케미칼,299000,384500,28.60%
235,KOSPI,2990,금호건설,4355,5600,28.59%
236,KOSPI,62040,산일전기,254000,326500,28.54%
237,KOSPI,1250,GS글로벌,3350,4300,28.36%
238,KOSPI,34220,LG디스플레이,13930,17688,26.98%
239,KOSPI,4690,삼천리,126100,160000,26.88%
240,KOSPI,16380,KG스틸,6110,7750,26.84%
241,KOSPI,51910,LG화학,367500,465813,26.75%
242,KOSPI,5380,현대차,640000,810000,26.56%
243,KOSPI,10950,S-Oil,114100,144200,26.38%
244,KOSPI,323410,카카오뱅크,24150,30458,26.12%
245,KOSPI,47040,대우건설,27450,34600,26.05%
246,KOSPI,195870,해성디에스,82100,103188,25.69%
247,KOSPI,1340,PKC,6160,7700,25.00%
248,KOSPI,443060,HD현대마린솔루션,255500,318889,24.81%
249,KOSPI,108320,LX세미콘,49750,62000,24.62%
250,KOSPI,3550,LG,114100,142000,24.45%
251,KOSPI,31210,서울보증보험,45050,56000,24.31%
252,KOSPI,383220,F&F,80100,98800,23.35%
253,KOSPI,78930,GS,79200,97500,23.11%
254,KOSPI,53210,스카이라이프,4495,5533,23.09%
255,KOSPI,32640,LG유플러스,16260,20000,23.00%
256,KOSPI,229640,LS에코에너지,66500,81750,22.93%
257,KOSPI,214320,이노션,20650,25375,22.88%
258,KOSPI,302440,SK바이오사이언스,40000,49000,22.50%
259,KOSPI,24110,기업은행,23100,28250,22.29%
260,KOSPI,82640,동양생명,8140,9900,21.62%
261,KOSPI,7070,GS리테일,25600,31000,21.09%
262,KOSPI,5850,에스엘,76200,92000,20.73%
263,KOSPI,9830,한화솔루션,42200,50928,20.68%
264,KOSPI,5680,삼영전자,14100,17000,20.57%
265,KOSPI,100090,SK오션플랜트,21450,25857,20.55%
266,KOSPI,55550,신한지주,106700,128611,20.54%
267,KOSPI,30000,제일기획,21100,25417,20.46%
268,KOSPI,31430,신세계인터내셔날,15700,18857,20.11%
269,KOSPI,161390,한국타이어앤테크놀로지,71000,85067,19.81%
270,KOSPI,86790,하나금융지주,132000,157211,19.10%
271,KOSPI,105560,KB금융,172000,204632,18.97%
272,KOSPI,298040,효성중공업,3892000,4615385,18.59%
273,KOSPI,192080,더블유게임즈,68400,81083,18.54%
274,KOSPI,370,한화손해보험,7150,8471,18.48%
275,KOSPI,60980,HL홀딩스,48700,57667,18.41%
276,KOSPI,240,한국앤컴퍼니,28000,33000,17.86%
277,KOSPI,33780,KT&G,185000,217692,17.67%
278,KOSPI,79900,전진건설로봇,58300,68500,17.50%
279,KOSPI,28050,삼성E&A,56700,66417,17.14%
280,KOSPI,11210,현대위아,86100,100600,16.84%
281,KOSPI,3690,코리안리,14000,16333,16.66%
282,KOSPI,17670,SK텔레콤,100100,115882,15.77%
283,KOSPI,42700,한미반도체,328500,380000,15.68%
284,KOSPI,660,SK하이닉스,2382000,2751667,15.52%
285,KOSPI,12330,현대모비스,660000,761600,15.39%
286,KOSPI,29780,삼성카드,53300,61500,15.38%
287,KOSPI,37560,LG헬로비전,2225,2567,15.37%
288,KOSPI,89590,제주항공,5120,5900,15.23%
289,KOSPI,12750,에스원,81600,94000,15.20%
290,KOSPI,34730,SK,673000,772333,14.76%
291,KOSPI,10690,화신,14010,16000,14.20%
292,KOSPI,79550,LIG디펜스앤에어로스페이스,1002000,1140000,13.77%
293,KOSPI,88350,한화생명,5550,6242,12.47%
294,KOSPI,7340,DN오토모티브,44650,50000,11.98%
295,KOSPI,192650,드림텍,6260,7000,11.82%
296,KOSPI,51900,LG생활건강,246500,275333,11.70%
297,KOSPI,7690,국도화학,36850,41000,11.26%
298,KOSPI,58430,포스코스틸리온,5610,6180,10.16%
299,KOSPI,3490,대한항공,29300,32231,10.00%
300,KOSPI,353200,대덕전자,169900,185769,9.34%
301,KOSPI,244920,에이플러스에셋,10720,11500,7.28%
302,KOSPI,93370,후성,19200,20000,4.17%
303,KOSPI,64400,LG씨엔에스,92900,95222,2.50%
304,KOSPI,23530,롯데쇼핑,198000,201667,1.85%
305,KOSPI,10120,LS ELECTRIC,257500,260000,0.97%
306,KOSPI,28260,삼성물산,497000,501667,0.94%
307,KOSPI,11200,HMM,22150,22300,0.68%
308,KOSPI,1450,현대해상,41250,41412,0.39%
309,KOSPI,204320,HL만도,76900,76950,0.07%
310,KOSPI,336260,두산퓨얼셀,78100,77500,-0.77%
311,KOSPI,810,삼성화재,671000,665706,-0.79%
312,KOSPI,475150,SK이터닉스,55800,55000,-1.43%
313,KOSPI,18880,한온시스템,5190,5053,-2.64%
314,KOSPI,18260,삼성에스디에스,238000,228200,-4.12%
315,KOSPI,7810,코리아써키트,131900,124000,-5.99%
316,KOSPI,307950,현대오토에버,716000,665938,-6.99%
317,KOSPI,9150,삼성전기,2048000,1848600,-9.74%
318,KOSPI,11790,SKC,144600,130000,-10.10%
319,KOSPI,11070,LG이노텍,1236000,1102048,-10.84%
320,KOSPI,4170,신세계,767000,679118,-11.46%
321,KOSPI,32830,삼성생명,431000,380321,-11.76%
322,KOSPI,402340,SK스퀘어,1501000,1291429,-13.96%
323,KOSPI,69960,현대백화점,198400,157313,-20.71%
324,KOSPI,1740,SK네트웍스,12000,9350,-22.08%
325,KOSPI,66570,LG전자,234000,166750,-28.74%
326,KOSPI,85620,미래에셋생명,32250,14000,-56.59%
327,KOSDAQ,318060,그래피,22450,62000,176.17%
328,KOSDAQ,491000,리브스메드,44300,120000,170.88%
329,KOSDAQ,950160,코오롱티슈진,105100,280000,166.41%
330,KOSDAQ,32500,케이엠더블유,26700,70000,162.17%
331,KOSDAQ,376270,HEM파마,49750,130000,161.31%
332,KOSDAQ,372320,큐로셀,31250,80000,156.00%
333,KOSDAQ,125210,아모그린텍,9410,24000,155.05%
334,KOSDAQ,456010,아이씨티케이,24250,60000,147.42%
335,KOSDAQ,24850,HLB이노베이션,13960,34500,147.13%
336,KOSDAQ,43260,성호전자,40600,100000,146.31%
337,KOSDAQ,304360,에스바이오메딕스,26550,65000,144.82%
338,KOSDAQ,115440,우리넷,10460,25000,139.01%
339,KOSDAQ,41920,메디아나,13460,32000,137.74%
340,KOSDAQ,290740,액트로,12290,29000,135.96%
341,KOSDAQ,389650,넥스트바이오메디컬,42000,97667,132.54%
342,KOSDAQ,397030,에이프릴바이오,43500,100667,131.42%
343,KOSDAQ,73490,LIG아큐버,35200,80000,127.27%
344,KOSDAQ,108380,대양전기공업,21250,48000,125.88%
345,KOSDAQ,310210,보로노이,199900,450000,125.11%
346,KOSDAQ,458870,씨어스,32100,71750,123.52%
347,KOSDAQ,298380,에이비엘바이오,98700,220000,122.90%
348,KOSDAQ,226400,오스테오닉,4500,10000,122.22%
349,KOSDAQ,171090,선익시스템,75100,166333,121.48%
350,KOSDAQ,282720,금양그린파워,9040,20000,121.24%
351,KOSDAQ,327260,RF머트리얼즈,67600,148842,120.18%
352,KOSDAQ,42520,한스바이오메드,25050,55000,119.56%
353,KOSDAQ,107640,한중엔시에스,44500,97000,117.98%
354,KOSDAQ,234340,헥토파이낸셜,23800,51500,116.39%
355,KOSDAQ,99190,아이센스,16770,36000,114.67%
356,KOSDAQ,354320,알멕,55900,120000,114.67%
357,KOSDAQ,48910,대원미디어,5150,11000,113.59%
358,KOSDAQ,50890,쏠리드,12810,27333,113.37%
359,KOSDAQ,394420,리센스메디컬,18750,40000,113.33%
360,KOSDAQ,347700,스피어,32900,70000,112.77%
361,KOSDAQ,473980,노머스,12830,27000,110.44%
362,KOSDAQ,99430,바이오플러스,4605,9500,106.30%
363,KOSDAQ,451760,컨텍,12970,26700,105.86%
364,KOSDAQ,58970,엠로,20900,43000,105.74%
365,KOSDAQ,376300,디어유,23300,47733,104.86%
366,KOSDAQ,52400,코나아이,47400,96500,103.59%
367,KOSDAQ,54210,이랜텍,8860,18000,103.16%
368,KOSDAQ,450950,아스테라시스,7010,14167,102.10%
369,KOSDAQ,63570,NICE인프라,3475,7000,101.44%
370,KOSDAQ,253450,스튜디오드래곤,24900,50083,101.14%
371,KOSDAQ,61090,세나테크놀로지,39900,80000,100.50%
372,KOSDAQ,125490,한라캐스트,12490,25000,100.16%
373,KOSDAQ,419530,SAMG엔터,27700,55000,98.56%
374,KOSDAQ,490470,세미파이브,26350,52000,97.34%
375,KOSDAQ,230240,에치에프알,25850,51000,97.29%
376,KOSDAQ,35760,CJ ENM,37800,74250,96.43%
377,KOSDAQ,53580,웹케시,6630,13000,96.08%
378,KOSDAQ,475960,토모큐브,38850,76000,95.62%
379,KOSDAQ,405100,큐알티,15370,30000,95.19%
380,KOSDAQ,474170,루미르,9580,18500,93.11%
381,KOSDAQ,39200,오스코텍,38850,75000,93.05%
382,KOSDAQ,53030,바이넥스,8050,15500,92.55%
383,KOSDAQ,138080,오이솔루션,31450,60000,90.78%
384,KOSDAQ,99320,쎄트렉아이,110100,210000,90.74%
385,KOSDAQ,361390,제노코,17000,32000,88.24%
386,KOSDAQ,394280,오픈엣지테크놀로지,15010,28000,86.54%
387,KOSDAQ,91580,상신이디피,18780,35000,86.37%
388,KOSDAQ,194700,노바렉스,13980,26000,85.98%
389,KOSDAQ,264450,유비쿼스,11890,22000,85.03%
390,KOSDAQ,476060,온코닉테라퓨틱스,16230,30000,84.84%
391,KOSDAQ,51500,CJ프레시웨이,24300,44333,82.44%
392,KOSDAQ,389020,자람테크놀로지,32900,60000,82.37%
393,KOSDAQ,263750,펄어비스,40150,73125,82.13%
394,KOSDAQ,148150,세경하이테크,3570,6500,82.07%
395,KOSDAQ,86450,동국제약,19500,35500,82.05%
396,KOSDAQ,214180,헥토이노베이션,15450,28000,81.23%
397,KOSDAQ,121600,나노신소재,60800,110000,80.92%
398,KOSDAQ,388210,씨엠티엑스,111200,200500,80.31%
399,KOSDAQ,393890,더블유씨피,13130,23667,80.25%
400,KOSDAQ,189300,인텔리안테크,100400,180833,80.11%
401,KOSDAQ,23160,태광,31500,56500,79.37%
402,KOSDAQ,200670,휴메딕스,28100,50000,77.94%
403,KOSDAQ,243840,신흥에스이씨,6390,11350,77.62%
404,KOSDAQ,83650,비에이치아이,68000,120000,76.47%
405,KOSDAQ,214150,클래시스,44600,78200,75.34%
406,KOSDAQ,6730,서부T&D,11420,20000,75.13%
407,KOSDAQ,441270,파인엠텍,8000,14000,75.00%
408,KOSDAQ,282880,코윈테크,12600,22000,74.60%
409,KOSDAQ,86390,유니테스트,15250,26500,73.77%
410,KOSDAQ,241710,코스메카코리아,67800,117111,72.73%
411,KOSDAQ,30520,한글과컴퓨터,19900,34333,72.53%
412,KOSDAQ,33500,동성화인텍,20250,34667,71.20%
413,KOSDAQ,94360,칩스앤미디어,14630,25000,70.88%
414,KOSDAQ,213420,덕산네오룩스,37500,63857,70.29%
415,KOSDAQ,114840,아이패밀리에스씨,9130,15500,69.77%
416,KOSDAQ,58610,에스피지,97800,165000,68.71%
417,KOSDAQ,39840,디오,13460,22667,68.40%
418,KOSDAQ,418470,KT밀리의서재,10690,18000,68.38%
419,KOSDAQ,297090,씨에스베어링,5860,9800,67.24%
420,KOSDAQ,215000,골프존,42800,71500,67.06%
421,KOSDAQ,257720,실리콘투,35050,58500,66.90%
422,KOSDAQ,214450,파마리서치,295000,492308,66.88%
423,KOSDAQ,112040,위메이드,18020,30000,66.48%
424,KOSDAQ,417840,저스템,16300,27000,65.64%
425,KOSDAQ,43610,KT지니뮤직,1512,2500,65.34%
426,KOSDAQ,78600,대주전자재료,130300,215000,65.00%
427,KOSDAQ,93520,매커스,20200,33000,63.37%
428,KOSDAQ,237690,에스티팜,124100,202643,63.29%
429,KOSDAQ,35900,JYP Ent.,55700,90941,63.27%
430,KOSDAQ,42000,카페24,19670,32000,62.68%
431,KOSDAQ,60250,NHN KCP,15380,25000,62.55%
432,KOSDAQ,18290,브이티,12650,20500,62.06%
433,KOSDAQ,482630,삼양엔씨켐,18070,29250,61.87%
434,KOSDAQ,195940,HK이노엔,42250,68231,61.49%
435,KOSDAQ,114810,한솔아이원스,14810,23900,61.38%
436,KOSDAQ,122870,와이지엔터테인먼트,46300,74632,61.19%
437,KOSDAQ,196170,알테오젠,352500,566667,60.76%
438,KOSDAQ,218410,RFHIC,82800,132600,60.14%
439,KOSDAQ,89600,KT나스미디어,10420,16667,59.95%
440,KOSDAQ,89010,켐트로닉스,30150,48000,59.20%
441,KOSDAQ,145020,휴젤,239500,379167,58.32%
442,KOSDAQ,348210,넥스틴,59700,94500,58.29%
443,KOSDAQ,183300,코미코,108300,170932,57.83%
444,KOSDAQ,141080,리가켐바이오,139700,220000,57.48%
445,KOSDAQ,200710,에이디테크놀로지,39150,61250,56.45%
446,KOSDAQ,232140,와이씨,15350,24000,56.35%
447,KOSDAQ,96530,씨젠,28500,44500,56.14%
448,KOSDAQ,336570,원텍,6620,10333,56.09%
449,KOSDAQ,40420,정상제이엘에스,5770,9000,55.98%
450,KOSDAQ,272290,이녹스첨단소재,28850,45000,55.98%
451,KOSDAQ,51370,인터플렉스,9620,15000,55.93%
452,KOSDAQ,41510,에스엠,82800,128737,55.48%
453,KOSDAQ,36620,감성코퍼레이션,4870,7550,55.03%
454,KOSDAQ,295310,에이치브이엠,87800,136000,54.90%
455,KOSDAQ,54950,제이브이엠,22550,34800,54.32%
456,KOSDAQ,322310,오로스테크놀로지,27900,43000,54.12%
457,KOSDAQ,353810,이지바이오,6510,10000,53.61%
458,KOSDAQ,67160,SOOP,48300,74167,53.55%
459,KOSDAQ,77360,덕산하이메탈,14400,22000,52.78%
460,KOSDAQ,85910,네오티스,28150,43000,52.75%
461,KOSDAQ,78340,컴투스,26000,39600,52.31%
462,KOSDAQ,462350,이노스페이스,14800,22500,52.03%
463,KOSDAQ,58470,리노공업,94700,143857,51.91%
464,KOSDAQ,80580,오킨스전자,18460,28000,51.68%
465,KOSDAQ,54450,텔레칩스,13190,20000,51.63%
466,KOSDAQ,222040,코스맥스엔비티,6600,10000,51.52%
467,KOSDAQ,36810,에프에스티,31750,48000,51.18%
468,KOSDAQ,204270,제이앤티씨,17220,26000,50.99%
469,KOSDAQ,95660,네오위즈,19390,29273,50.97%
470,KOSDAQ,14620,성광벤드,32750,49333,50.64%
471,KOSDAQ,290550,디케이티,22600,34000,50.44%
472,KOSDAQ,340570,티앤엘,56200,84500,50.36%
473,KOSDAQ,104830,원익머트리얼즈,46700,70000,49.89%
474,KOSDAQ,23910,대한약품,26700,40000,49.81%
475,KOSDAQ,89980,상아프론테크,20050,30000,49.63%
476,KOSDAQ,277810,레인보우로보틱스,616000,915000,48.54%
477,KOSDAQ,215200,메가스터디교육,40450,60000,48.33%
478,KOSDAQ,13030,하이록코리아,35750,53000,48.25%
479,KOSDAQ,68930,디지털대성,7770,11500,48.01%
480,KOSDAQ,92730,네오팜,16900,25000,47.93%
481,KOSDAQ,37440,희림,5410,8000,47.87%
482,KOSDAQ,43150,바텍,19540,28875,47.77%
483,KOSDAQ,92130,이크레더블,14300,21000,46.85%
484,KOSDAQ,100120,뷰웍스,25650,37667,46.85%
485,KOSDAQ,119610,인터로조,17790,26000,46.15%
486,KOSDAQ,140860,파크시스템스,249500,364143,45.95%
487,KOSDAQ,46440,KG파이낸셜,4250,6200,45.88%
488,KOSDAQ,80160,모두투어,9600,14000,45.83%
489,KOSDAQ,251970,펌텍코리아,36000,52333,45.37%
490,KOSDAQ,95340,ISC,199500,290000,45.36%
491,KOSDAQ,49070,인탑스,20700,30000,44.93%
492,KOSDAQ,278280,천보,43500,63000,44.83%
493,KOSDAQ,365340,성일하이텍,53400,77250,44.66%
494,KOSDAQ,357780,솔브레인,378500,543778,43.67%
495,KOSDAQ,60720,KH바텍,12560,18000,43.31%
496,KOSDAQ,383310,에코프로에이치엔,31400,45000,43.31%
497,KOSDAQ,389500,에스비비테크,60200,86000,42.86%
498,KOSDAQ,293490,카카오게임즈,9110,13000,42.70%
499,KOSDAQ,64760,티씨케이,274500,391667,42.68%
500,KOSDAQ,83500,에프엔에스테크,19600,27900,42.35%
501,KOSDAQ,33160,엠케이전자,29600,42000,41.89%
502,KOSDAQ,31980,피에스케이홀딩스,123200,174600,41.72%
503,KOSDAQ,247540,에코프로비엠,179500,252611,40.73%
504,KOSDAQ,53450,세코닉스,4310,6000,39.21%
505,KOSDAQ,56190,에스에프에이,27700,38500,38.99%
506,KOSDAQ,36540,SFA반도체,7200,10000,38.89%
507,KOSDAQ,486990,노타,27400,38000,38.69%
508,KOSDAQ,39440,에스티아이,31800,44000,38.36%
509,KOSDAQ,60370,LS마린솔루션,31600,43667,38.19%
510,KOSDAQ,74600,원익QnC,40000,55000,37.50%
511,KOSDAQ,11560,세보엠이씨,23300,32000,37.34%
512,KOSDAQ,236200,슈프리마,46100,63000,36.66%
513,KOSDAQ,237880,클리오,10640,14500,36.28%
514,KOSDAQ,25900,동화기업,8080,11000,36.14%
515,KOSDAQ,91700,파트론,6630,9000,35.75%
516,KOSDAQ,166090,하나머티리얼즈,70300,95000,35.14%
517,KOSDAQ,98460,고영,35750,48100,34.55%
518,KOSDAQ,330860,네패스아크,54700,73500,34.37%
519,KOSDAQ,86900,메디톡스,85700,115000,34.19%
520,KOSDAQ,69080,웹젠,11270,15000,33.10%
521,KOSDAQ,44490,태웅,41850,55000,31.42%
522,KOSDAQ,36200,유니셈,11440,15000,31.12%
523,KOSDAQ,102710,이엔에프테크놀로지,50700,66000,30.18%
524,KOSDAQ,126340,비나텍,130500,168500,29.12%
525,KOSDAQ,35600,KG이니시스,10110,13050,29.08%
526,KOSDAQ,440110,파두,100900,130000,28.84%
527,KOSDAQ,41830,인바디,45500,58500,28.57%
528,KOSDAQ,130580,나이스디앤비,5550,7000,26.13%
529,KOSDAQ,356860,티엘비,95700,118806,24.14%
530,KOSDAQ,228850,레이언스,6800,8400,23.53%
531,KOSDAQ,108490,로보티즈,314000,385600,22.80%
532,KOSDAQ,131970,두산테스나,150300,183714,22.23%
533,KOSDAQ,420770,기가비스,141900,172500,21.56%
534,KOSDAQ,122640,예스티,28900,35000,21.11%
535,KOSDAQ,21320,KCC건설,5400,6500,20.37%
536,KOSDAQ,36800,나이스정보통신,29100,35000,20.27%
537,KOSDAQ,211050,인카금융서비스,10070,12000,19.17%
538,KOSDAQ,67310,하나마이크론,50100,58750,17.27%
539,KOSDAQ,52710,아모텍,30700,35500,15.64%
540,KOSDAQ,82920,비츠로셀,48450,56000,15.58%
541,KOSDAQ,170920,엘티씨,52200,60000,14.94%
542,KOSDAQ,13120,동원개발,2355,2700,14.65%
543,KOSDAQ,131290,티에스이,251000,285000,13.55%
544,KOSDAQ,89970,브이엠,92500,103500,11.89%
545,KOSDAQ,43370,피에이치에이,13450,15000,11.52%
546,KOSDAQ,39030,이오테크닉스,495000,549400,10.99%
547,KOSDAQ,222800,심텍,126600,139375,10.09%
548,KOSDAQ,149950,아바텍,14620,16000,9.44%
549,KOSDAQ,64290,인텍플러스,40850,44500,8.94%
550,KOSDAQ,240810,원익IPS,156100,165000,5.70%
551,KOSDAQ,178320,서진시스템,74300,78000,4.98%
552,KOSDAQ,100130,동국S&C,1925,2000,3.90%
553,KOSDAQ,403870,HPSP,66300,68167,2.82%
554,KOSDAQ,290650,엘앤씨바이오,78200,80000,2.30%
555,KOSDAQ,95610,테스,169200,166000,-1.89%
556,KOSDAQ,319660,피에스케이,162100,154143,-4.91%
557,KOSDAQ,33640,네패스,38950,36000,-7.57%
558,KOSDAQ,84370,유진테크,176700,156667,-11.34%
559,KOSDAQ,36930,주성엔지니어링,226500,154500,-31.79%
