순위,시장,종목코드,종목명,현재가,목표가,상승여력(%),전일종가,거래량,거래대금,상장주식수,시가총액(억원)
1,KOSPI,036420,콘텐트리중앙,4995.0,11200.0,124.22%,0.0,0.0,0.0,0.0,0.00
2,KOSPI,439260,대한조선,60600.0,133200.0,119.80%,0.0,73940.0,0.0,0.0,0.00
3,KOSPI,322000,HD현대에너지솔루션,140000.0,304500.0,117.50%,0.0,208221.0,0.0,0.0,0.00
4,KOSPI,077970,STX엔진,33750.0,72000.0,113.33%,0.0,286174.0,0.0,0.0,0.00
5,KOSPI,001430,세아베스틸지주,40950.0,87278.0,113.13%,0.0,300487.0,0.0,0.0,0.00
6,KOSPI,011930,신성이엔지,20200.0,43000.0,112.87%,0.0,382221.0,0.0,0.0,0.00
7,KOSPI,298020,효성티앤씨,293500.0,624000.0,112.61%,0.0,44193.0,0.0,0.0,0.00
8,KOSPI,249420,일동제약,18310.0,38000.0,107.54%,0.0,127439.0,0.0,0.0,0.00
9,KOSPI,377300,카카오페이,44000.0,91250.0,107.39%,0.0,267595.0,0.0,0.0,0.00
10,KOSPI,017370,우신시스템,4620.0,9500.0,105.63%,0.0,19844.0,0.0,0.0,0.00
11,KOSPI,005810,풍산홀딩스,36800.0,75250.0,104.48%,0.0,26879.0,0.0,0.0,0.00
12,KOSPI,103140,풍산,71000.0,141855.0,99.80%,0.0,113386.0,0.0,0.0,0.00
13,KOSPI,100840,SNT에너지,33050.0,66000.0,99.70%,0.0,190744.0,0.0,0.0,0.00
14,KOSPI,010780,아이에스동서,23500.0,46333.0,97.16%,0.0,73936.0,0.0,0.0,0.00
15,KOSPI,035150,백산,10150.0,20000.0,97.04%,0.0,20990.0,0.0,0.0,0.00
16,KOSPI,003030,세아제강지주,127100.0,250000.0,96.70%,0.0,21377.0,0.0,0.0,0.00
17,KOSPI,001680,대상,17540.0,34500.0,96.69%,0.0,132148.0,0.0,0.0,0.00
18,KOSPI,317400,자이에스앤디,3505.0,6800.0,94.01%,0.0,77205.0,0.0,0.0,0.00
19,KOSPI,066970,엘앤에프,128600.0,249318.0,93.87%,0.0,525285.0,0.0,0.0,0.00
20,KOSPI,033240,자화전자,32000.0,62000.0,93.75%,0.0,129084.0,0.0,0.0,0.00
21,KOSPI,071970,HD현대마린엔진,67400.0,130167.0,93.13%,0.0,230266.0,0.0,0.0,0.00
22,KOSPI,034830,한국토지신탁,1193.0,2300.0,92.79%,0.0,506891.0,0.0,0.0,0.00
23,KOSPI,002020,코오롱,52000.0,100000.0,92.31%,0.0,45293.0,0.0,0.0,0.00
24,KOSPI,000640,동아쏘시오홀딩스,79600.0,152500.0,91.58%,0.0,34230.0,0.0,0.0,0.00
25,KOSPI,075580,세진중공업,14630.0,28000.0,91.39%,0.0,178011.0,0.0,0.0,0.00
26,KOSPI,070960,모나용평,2410.0,4600.0,90.87%,0.0,107801.0,0.0,0.0,0.00
27,KOSPI,035720,카카오,37750.0,72053.0,90.87%,0.0,2414692.0,0.0,0.0,0.00
28,KOSPI,003570,SNT다이내믹스,40450.0,77000.0,90.36%,0.0,55784.0,0.0,0.0,0.00
29,KOSPI,017960,한국카본,30350.0,57667.0,90.01%,0.0,400114.0,0.0,0.0,0.00
30,KOSPI,112610,씨에스윈드,42450.0,79889.0,88.20%,0.0,644293.0,0.0,0.0,0.00
31,KOSPI,071320,지역난방공사,69500.0,130000.0,87.05%,0.0,16259.0,0.0,0.0,0.00
32,KOSPI,004090,한국석유,11230.0,21000.0,87.00%,0.0,371847.0,0.0,0.0,0.00
33,KOSPI,047050,포스코인터내셔널,55000.0,102250.0,85.91%,0.0,715574.0,0.0,0.0,0.00
34,KOSPI,194370,제이에스코퍼레이션,11560.0,21200.0,83.39%,0.0,99425.0,0.0,0.0,0.00
35,KOSPI,120110,코오롱인더,63600.0,116400.0,83.02%,0.0,242663.0,0.0,0.0,0.00
36,KOSPI,285130,SK케미칼,44050.0,80000.0,81.61%,0.0,75801.0,0.0,0.0,0.00
37,KOSPI,001120,LX인터내셔널,37150.0,67286.0,81.12%,0.0,164570.0,0.0,0.0,0.00
38,KOSPI,126720,수산인더스트리,22900.0,41000.0,79.04%,0.0,62310.0,0.0,0.0,0.00
39,KOSPI,001530,DI동일,22350.0,40000.0,78.97%,0.0,98889.0,0.0,0.0,0.00
40,KOSPI,053690,한미글로벌,18630.0,33333.0,78.92%,0.0,160213.0,0.0,0.0,0.00
41,KOSPI,170900,동아에스티,34200.0,61000.0,78.36%,0.0,30351.0,0.0,0.0,0.00
42,KOSPI,003220,대원제약,8540.0,15200.0,77.99%,0.0,132566.0,0.0,0.0,0.00
43,KOSPI,006360,GS건설,26550.0,47161.0,77.63%,0.0,1161216.0,0.0,0.0,0.00
44,KOSPI,004800,효성,188800.0,335000.0,77.44%,0.0,56029.0,0.0,0.0,0.00
45,KOSPI,097230,HJ중공업,22300.0,39500.0,77.13%,0.0,871420.0,0.0,0.0,0.00
46,KOSPI,499790,GS피앤엘,41400.0,73167.0,76.73%,0.0,185246.0,0.0,0.0,0.00
47,KOSPI,403550,쏘카,11360.0,20000.0,76.06%,0.0,47506.0,0.0,0.0,0.00
48,KOSPI,484870,엠앤씨솔루션,85300.0,150000.0,75.85%,0.0,24815.0,0.0,0.0,0.00
49,KOSPI,214420,토니모리,5140.0,9000.0,75.10%,0.0,180471.0,0.0,0.0,0.00
50,KOSPI,034120,SBS,12300.0,21500.0,74.80%,0.0,17742.0,0.0,0.0,0.00
51,KOSPI,005690,파미셀,13450.0,23500.0,74.72%,0.0,764767.0,0.0,0.0,0.00
52,KOSPI,014790,HL D&I,2615.0,4567.0,74.65%,0.0,60183.0,0.0,0.0,0.00
53,KOSPI,069620,대웅제약,119200.0,208000.0,74.50%,0.0,21816.0,0.0,0.0,0.00
54,KOSPI,017940,E1,83300.0,145000.0,74.07%,0.0,16161.0,0.0,0.0,0.00
55,KOSPI,122900,아이마켓코리아,7470.0,13000.0,74.03%,0.0,80025.0,0.0,0.0,0.00
56,KOSPI,058650,세아홀딩스,123000.0,214000.0,73.98%,0.0,8211.0,0.0,0.0,0.00
57,KOSPI,000100,유한양행,76100.0,131923.0,73.35%,0.0,394034.0,0.0,0.0,0.00
58,KOSPI,381970,케이카,8970.0,15500.0,72.80%,0.0,89388.0,0.0,0.0,0.00
59,KOSPI,020150,롯데에너지머티리얼즈,49200.0,84925.0,72.61%,0.0,495863.0,0.0,0.0,0.00
60,KOSPI,090460,비에이치,25050.0,43182.0,72.38%,0.0,571571.0,0.0,0.0,0.00
61,KOSPI,105840,우진,18570.0,32000.0,72.32%,0.0,229653.0,0.0,0.0,0.00
62,KOSPI,280360,롯데웰푸드,99000.0,170500.0,72.22%,0.0,27613.0,0.0,0.0,0.00
63,KOSPI,267250,HD현대,230500.0,395000.0,71.37%,0.0,405986.0,0.0,0.0,0.00
64,KOSPI,006650,대한유화,124700.0,213571.0,71.27%,0.0,29336.0,0.0,0.0,0.00
65,KOSPI,352820,하이브,223500.0,382750.0,71.25%,0.0,238373.0,0.0,0.0,0.00
66,KOSPI,267270,HD건설기계,136700.0,233667.0,70.93%,0.0,368069.0,0.0,0.0,0.00
67,KOSPI,073240,금호타이어,4705.0,8022.0,70.50%,0.0,454524.0,0.0,0.0,0.00
68,KOSPI,326030,SK바이오팜,87000.0,148333.0,70.50%,0.0,713903.0,0.0,0.0,0.00
69,KOSPI,336370,솔루스첨단소재,10950.0,18667.0,70.47%,0.0,234617.0,0.0,0.0,0.00
70,KOSPI,000120,CJ대한통운,80300.0,136833.0,70.40%,0.0,59099.0,0.0,0.0,0.00
71,KOSPI,018670,SK가스,215500.0,367000.0,70.30%,0.0,11446.0,0.0,0.0,0.00
72,KOSPI,111380,동인기연,12370.0,21000.0,69.77%,0.0,23191.0,0.0,0.0,0.00
73,KOSPI,000720,현대건설,128600.0,218238.0,69.70%,0.0,1054343.0,0.0,0.0,0.00
74,KOSPI,032350,롯데관광개발,16970.0,28769.0,69.53%,0.0,469313.0,0.0,0.0,0.00
75,KOSPI,003230,삼양식품,1103000.0,1865000.0,69.08%,0.0,67686.0,0.0,0.0,0.00
76,KOSPI,006280,녹십자,124700.0,210833.0,69.07%,0.0,60592.0,0.0,0.0,0.00
77,KOSPI,339770,교촌에프앤비,3940.0,6650.0,68.78%,0.0,154048.0,0.0,0.0,0.00
78,KOSPI,005090,SGC에너지,48400.0,81667.0,68.73%,0.0,116428.0,0.0,0.0,0.00
79,KOSPI,039130,하나투어,35500.0,59800.0,68.45%,0.0,66617.0,0.0,0.0,0.00
80,KOSPI,006040,동원산업,32700.0,55000.0,68.20%,0.0,98649.0,0.0,0.0,0.00
81,KOSPI,241590,화승엔터프라이즈,3315.0,5575.0,68.17%,0.0,141814.0,0.0,0.0,0.00
82,KOSPI,052690,한전기술,123700.0,208000.0,68.15%,0.0,422605.0,0.0,0.0,0.00
83,KOSPI,001230,동국홀딩스,1917.0,3215.0,67.71%,0.0,910654.0,0.0,0.0,0.00
84,KOSPI,016580,환인제약,10140.0,17000.0,67.65%,0.0,121379.0,0.0,0.0,0.00
85,KOSPI,012630,HDC,20600.0,34500.0,67.48%,0.0,93458.0,0.0,0.0,0.00
86,KOSPI,090430,아모레퍼시픽,104600.0,174882.0,67.19%,0.0,332210.0,0.0,0.0,0.00
87,KOSPI,375500,DL이앤씨,73900.0,122588.0,65.88%,0.0,723536.0,0.0,0.0,0.00
88,KOSPI,013580,계룡건설,19300.0,32000.0,65.80%,0.0,74283.0,0.0,0.0,0.00
89,KOSPI,000210,DL,49550.0,82000.0,65.49%,0.0,124562.0,0.0,0.0,0.00
90,KOSPI,460860,동국제강,9280.0,15300.0,64.87%,0.0,404776.0,0.0,0.0,0.00
91,KOSPI,014830,유니드,66600.0,109571.0,64.52%,0.0,25032.0,0.0,0.0,0.00
92,KOSPI,020000,한섬,21500.0,35333.0,64.34%,0.0,142413.0,0.0,0.0,0.00
93,KOSPI,251270,넷마블,40850.0,67000.0,64.01%,0.0,280966.0,0.0,0.0,0.00
94,KOSPI,096770,SK이노베이션,102400.0,167909.0,63.97%,0.0,574557.0,0.0,0.0,0.00
95,KOSPI,095570,AJ네트웍스,4175.0,6833.0,63.66%,0.0,217145.0,0.0,0.0,0.00
96,KOSPI,145720,덴티움,44350.0,72500.0,63.47%,0.0,21115.0,0.0,0.0,0.00
97,KOSPI,128940,한미약품,411000.0,671333.0,63.34%,0.0,112571.0,0.0,0.0,0.00
98,KOSPI,012450,한화에어로스페이스,1122000.0,1831667.0,63.25%,0.0,456658.0,0.0,0.0,0.01
99,KOSPI,272210,한화시스템,91100.0,148231.0,62.71%,0.0,1163314.0,0.0,0.0,0.00
100,KOSPI,011170,롯데케미칼,76700.0,124692.0,62.57%,0.0,147569.0,0.0,0.0,0.00
101,KOSPI,005490,POSCO홀딩스,356500.0,579235.0,62.48%,0.0,537087.0,0.0,0.0,0.00
102,KOSPI,489790,한화비전,67400.0,109333.0,62.22%,0.0,419463.0,0.0,0.0,0.00
103,KOSPI,039490,키움증권,346000.0,560824.0,62.09%,0.0,159065.0,0.0,0.0,0.00
104,KOSPI,009420,한올바이오파마,50800.0,82250.0,61.91%,0.0,371515.0,0.0,0.0,0.00
105,KOSPI,003160,디아이,27550.0,44500.0,61.52%,0.0,377828.0,0.0,0.0,0.00
106,KOSPI,010060,OCI홀딩스,256500.0,413750.0,61.31%,0.0,266854.0,0.0,0.0,0.00
107,KOSPI,027410,BGF,4030.0,6500.0,61.29%,0.0,197559.0,0.0,0.0,0.00
108,KOSPI,064960,SNT모티브,28800.0,46400.0,61.11%,0.0,73134.0,0.0,0.0,0.00
109,KOSPI,009180,한솔로지스틱스,2795.0,4500.0,61.00%,0.0,59640.0,0.0,0.0,0.00
110,KOSPI,069260,TKG휴켐스,16150.0,26000.0,60.99%,0.0,123245.0,0.0,0.0,0.00
111,KOSPI,383800,LX홀딩스,7770.0,12500.0,60.88%,0.0,255176.0,0.0,0.0,0.00
112,KOSPI,047040,대우건설,21250.0,34000.0,60.00%,0.0,9435242.0,0.0,0.0,0.00
113,KOSPI,004020,현대제철,32750.0,52350.0,59.85%,0.0,849740.0,0.0,0.0,0.00
114,KOSPI,185750,종근당,69900.0,111667.0,59.75%,0.0,51284.0,0.0,0.0,0.00
115,KOSPI,006800,미래에셋증권,48750.0,77750.0,59.49%,0.0,4037570.0,0.0,0.0,0.00
116,KOSPI,178920,PI첨단소재,21200.0,33750.0,59.20%,0.0,130163.0,0.0,0.0,0.00
117,KOSPI,100090,SK오션플랜트,16250.0,25857.0,59.12%,0.0,976886.0,0.0,0.0,0.00
118,KOSPI,005300,롯데칠성,101500.0,161364.0,58.98%,0.0,33344.0,0.0,0.0,0.00
119,KOSPI,084010,대한제강,8430.0,13400.0,58.96%,0.0,47407.0,0.0,0.0,0.00
120,KOSPI,009900,명신산업,8200.0,13000.0,58.54%,0.0,274769.0,0.0,0.0,0.00
121,KOSPI,259960,크래프톤,241500.0,382778.0,58.50%,0.0,243367.0,0.0,0.0,0.00
122,KOSPI,234080,JW생명과학,11360.0,18000.0,58.45%,0.0,60013.0,0.0,0.0,0.00
123,KOSPI,004000,롯데정밀화학,47500.0,75000.0,57.89%,0.0,94135.0,0.0,0.0,0.00
124,KOSPI,034230,파라다이스,14410.0,22667.0,57.30%,0.0,635837.0,0.0,0.0,0.00
125,KOSPI,097520,엠씨넥스,20600.0,32400.0,57.28%,0.0,73847.0,0.0,0.0,0.00
126,KOSPI,192820,코스맥스,159200.0,249611.0,56.79%,0.0,144579.0,0.0,0.0,0.00
127,KOSPI,017800,현대엘리베이터,76600.0,120000.0,56.66%,0.0,249881.0,0.0,0.0,0.00
128,KOSPI,003540,대신증권,29200.0,45667.0,56.39%,0.0,107533.0,0.0,0.0,0.00
129,KOSPI,017810,풀무원,9610.0,15000.0,56.09%,0.0,67681.0,0.0,0.0,0.00
130,KOSPI,293480,하나제약,8980.0,14000.0,55.90%,0.0,19140.0,0.0,0.0,0.00
131,KOSPI,082740,한화엔진,61000.0,94889.0,55.56%,0.0,1090036.0,0.0,0.0,0.00
132,KOSPI,007660,이수페타시스,115100.0,178750.0,55.30%,0.0,1031401.0,0.0,0.0,0.00
133,KOSPI,033270,유나이티드제약,17720.0,27500.0,55.19%,0.0,32410.0,0.0,0.0,0.00
134,KOSPI,111770,영원무역,78000.0,120556.0,54.56%,0.0,78987.0,0.0,0.0,0.00
135,KOSPI,011760,현대코퍼레이션,23950.0,37000.0,54.49%,0.0,50640.0,0.0,0.0,0.00
136,KOSPI,010130,고려아연,1192000.0,1841250.0,54.47%,0.0,45909.0,0.0,0.0,0.00
137,KOSPI,003850,보령,9090.0,14000.0,54.02%,0.0,192451.0,0.0,0.0,0.00
138,KOSPI,068270,셀트리온,170300.0,261776.0,53.71%,0.0,1160752.0,0.0,0.0,0.00
139,KOSPI,013890,지누스,9760.0,15000.0,53.69%,0.0,26480.0,0.0,0.0,0.00
140,KOSPI,248070,솔루엠,17990.0,27600.0,53.42%,0.0,183068.0,0.0,0.0,0.00
141,KOSPI,000880,한화,115200.0,176200.0,52.95%,0.0,428690.0,0.0,0.0,0.00
142,KOSPI,097950,CJ제일제당,193300.0,295455.0,52.85%,0.0,128495.0,0.0,0.0,0.00
143,KOSPI,034020,두산에너빌리티,97900.0,149563.0,52.77%,0.0,4391283.0,0.0,0.0,0.01
144,KOSPI,108670,LX하우시스,32100.0,49000.0,52.65%,0.0,56442.0,0.0,0.0,0.00
145,KOSPI,047810,한국항공우주,146500.0,223188.0,52.35%,0.0,610639.0,0.0,0.0,0.00
146,KOSPI,183190,아세아시멘트,9850.0,15000.0,52.28%,0.0,54059.0,0.0,0.0,0.00
147,KOSPI,282330,BGF리테일,114700.0,174214.0,51.89%,0.0,112808.0,0.0,0.0,0.00
148,KOSPI,139480,이마트,86400.0,131200.0,51.85%,0.0,164955.0,0.0,0.0,0.00
149,KOSPI,089860,롯데렌탈,29500.0,44778.0,51.79%,0.0,31297.0,0.0,0.0,0.00
150,KOSPI,105630,한세실업,8570.0,13000.0,51.69%,0.0,88067.0,0.0,0.0,0.00
151,KOSPI,207940,삼성바이오로직스,1374000.0,2083500.0,51.64%,0.0,99207.0,0.0,0.0,0.01
152,KOSPI,019680,대교,990.0,1500.0,51.52%,0.0,163781.0,0.0,0.0,0.00
153,KOSPI,213500,한솔제지,6770.0,10250.0,51.40%,0.0,69867.0,0.0,0.0,0.00
154,KOSPI,456040,OCI,99200.0,150000.0,51.21%,0.0,56193.0,0.0,0.0,0.00
155,KOSPI,294870,IPARK현대산업개발,20450.0,30917.0,51.18%,0.0,240514.0,0.0,0.0,0.00
156,KOSPI,015760,한국전력,37900.0,57267.0,51.10%,0.0,2822708.0,0.0,0.0,0.00
157,KOSPI,006400,삼성SDI,555000.0,838304.0,51.05%,0.0,964995.0,0.0,0.0,0.00
158,KOSPI,025540,한국단자,72900.0,110000.0,50.89%,0.0,20316.0,0.0,0.0,0.00
159,KOSPI,064350,현대로템,207000.0,311944.0,50.70%,0.0,611211.0,0.0,0.0,0.00
160,KOSPI,306200,세아제강,135000.0,203400.0,50.67%,0.0,11060.0,0.0,0.0,0.00
161,KOSPI,008770,호텔신라,55000.0,82750.0,50.45%,0.0,369379.0,0.0,0.0,0.00
162,KOSPI,005830,DB손해보험,144900.0,217938.0,50.41%,0.0,430645.0,0.0,0.0,0.00
163,KOSPI,021240,코웨이,87400.0,131250.0,50.17%,0.0,484791.0,0.0,0.0,0.00
164,KOSPI,009450,경동나비엔,66300.0,99500.0,50.08%,0.0,66763.0,0.0,0.0,0.00
165,KOSPI,071840,롯데하이마트,6600.0,9900.0,50.00%,0.0,35024.0,0.0,0.0,0.00
166,KOSPI,298050,HS효성첨단소재,188000.0,281667.0,49.82%,0.0,25069.0,0.0,0.0,0.00
167,KOSPI,000080,하이트진로,15490.0,23200.0,49.77%,0.0,189683.0,0.0,0.0,0.00
168,KOSPI,453340,현대그린푸드,16710.0,25000.0,49.61%,0.0,56899.0,0.0,0.0,0.00
169,KOSPI,071050,한국금융지주,231000.0,344625.0,49.19%,0.0,336670.0,0.0,0.0,0.00
170,KOSPI,000270,기아,154900.0,230000.0,48.48%,0.0,1605584.0,0.0,0.0,0.01
171,KOSPI,004370,농심,364000.0,540000.0,48.35%,0.0,42039.0,0.0,0.0,0.00
172,KOSPI,001250,GS글로벌,2900.0,4300.0,48.28%,0.0,1305409.0,0.0,0.0,0.00
173,KOSPI,006260,LS,410000.0,605556.0,47.70%,0.0,250904.0,0.0,0.0,0.00
174,KOSPI,079160,CJ CGV,4490.0,6600.0,46.99%,0.0,347951.0,0.0,0.0,0.00
175,KOSPI,005070,코스모신소재,43400.0,63667.0,46.70%,0.0,119641.0,0.0,0.0,0.00
176,KOSPI,103590,일진전기,84400.0,123750.0,46.62%,0.0,593166.0,0.0,0.0,0.00
177,KOSPI,086280,현대글로비스,222500.0,324353.0,45.78%,0.0,631803.0,0.0,0.0,0.00
178,KOSPI,001040,CJ,178200.0,259600.0,45.68%,0.0,118846.0,0.0,0.0,0.00
179,KOSPI,010140,삼성중공업,27550.0,40050.0,45.37%,0.0,6326331.0,0.0,0.0,0.00
180,KOSPI,443060,HD현대마린솔루션,225000.0,326667.0,45.19%,0.0,177185.0,0.0,0.0,0.00
181,KOSPI,000520,삼일제약,6910.0,10000.0,44.72%,0.0,127816.0,0.0,0.0,0.00
182,KOSPI,175330,JB금융지주,26100.0,37688.0,44.40%,0.0,1175883.0,0.0,0.0,0.00
183,KOSPI,005180,빙그레,65800.0,95000.0,44.38%,0.0,31545.0,0.0,0.0,0.00
184,KOSPI,111110,호전실업,6580.0,9500.0,44.38%,0.0,19537.0,0.0,0.0,0.00
185,KOSPI,030190,NICE평가정보,13880.0,20000.0,44.09%,0.0,93819.0,0.0,0.0,0.00
186,KOSPI,035420,NAVER,229500.0,329227.0,43.45%,0.0,2109401.0,0.0,0.0,0.00
187,KOSPI,081660,미스토홀딩스,40800.0,58444.0,43.25%,0.0,425144.0,0.0,0.0,0.00
188,KOSPI,004990,롯데지주,25500.0,36500.0,43.14%,0.0,381047.0,0.0,0.0,0.00
189,KOSPI,003670,포스코퓨처엠,199500.0,285000.0,42.86%,0.0,344750.0,0.0,0.0,0.00
190,KOSPI,028670,팬오션,5180.0,7400.0,42.86%,0.0,3803605.0,0.0,0.0,0.00
191,KOSPI,011780,금호석유화학,125000.0,178385.0,42.71%,0.0,136283.0,0.0,0.0,0.00
192,KOSPI,373220,LG에너지솔루션,404500.0,576565.0,42.54%,0.0,753314.0,0.0,0.0,0.01
193,KOSPI,454910,두산로보틱스,101800.0,145000.0,42.44%,0.0,1103887.0,0.0,0.0,0.00
194,KOSPI,316140,우리금융지주,31050.0,44200.0,42.35%,0.0,2885043.0,0.0,0.0,0.00
195,KOSPI,300720,한일시멘트,14050.0,20000.0,42.35%,0.0,148218.0,0.0,0.0,0.00
196,KOSPI,114090,GKL,11480.0,16333.0,42.27%,0.0,334323.0,0.0,0.0,0.00
197,KOSPI,036460,한국가스공사,34400.0,48750.0,41.72%,0.0,352152.0,0.0,0.0,0.00
198,KOSPI,030200,KT,53300.0,75500.0,41.65%,0.0,410867.0,0.0,0.0,0.00
199,KOSPI,139130,iM금융지주,16960.0,24006.0,41.54%,0.0,714517.0,0.0,0.0,0.00
200,KOSPI,009540,HD한국조선해양,419000.0,592857.0,41.49%,0.0,375823.0,0.0,0.0,0.00
201,KOSPI,000150,두산,1631000.0,2297273.0,40.85%,0.0,107027.0,0.0,0.0,0.00
202,KOSPI,002350,넥센타이어,6970.0,9817.0,40.85%,0.0,176176.0,0.0,0.0,0.00
203,KOSPI,035250,강원랜드,15270.0,21500.0,40.80%,0.0,796863.0,0.0,0.0,0.00
204,KOSPI,161890,한국콜마,86500.0,121789.0,40.80%,0.0,197637.0,0.0,0.0,0.00
205,KOSPI,195870,해성디에스,73300.0,103188.0,40.77%,0.0,253898.0,0.0,0.0,0.00
206,KOSPI,005440,현대지에프홀딩스,13520.0,19000.0,40.53%,0.0,139807.0,0.0,0.0,0.00
207,KOSPI,286940,롯데이노베이트,18860.0,26500.0,40.51%,0.0,46128.0,0.0,0.0,0.00
208,KOSPI,001440,대한전선,38250.0,53667.0,40.31%,0.0,4338190.0,0.0,0.0,0.00
209,KOSPI,016380,KG스틸,5540.0,7750.0,39.89%,0.0,343569.0,0.0,0.0,0.00
210,KOSPI,229640,LS에코에너지,61000.0,85286.0,39.81%,0.0,212548.0,0.0,0.0,0.00
211,KOSPI,051600,한전KPS,49700.0,69462.0,39.76%,0.0,184888.0,0.0,0.0,0.00
212,KOSPI,241560,두산밥캣,65300.0,91071.0,39.47%,0.0,469456.0,0.0,0.0,0.00
213,KOSPI,078930,GS,70000.0,97500.0,39.29%,0.0,380845.0,0.0,0.0,0.00
214,KOSPI,051910,LG화학,338000.0,470200.0,39.11%,0.0,384173.0,0.0,0.0,0.00
215,KOSPI,361610,SK아이이테크놀로지,18630.0,25900.0,39.02%,0.0,271052.0,0.0,0.0,0.00
216,KOSPI,004690,삼천리,115200.0,160000.0,38.89%,0.0,24927.0,0.0,0.0,0.00
217,KOSPI,475150,SK이터닉스,43200.0,60000.0,38.89%,0.0,2777737.0,0.0,0.0,0.00
218,KOSPI,002380,KCC,524000.0,727333.0,38.80%,0.0,51507.0,0.0,0.0,0.00
219,KOSPI,005880,대한해운,1983.0,2750.0,38.68%,0.0,2905561.0,0.0,0.0,0.00
220,KOSPI,031430,신세계인터내셔날,13600.0,18857.0,38.65%,0.0,156586.0,0.0,0.0,0.00
221,KOSPI,062040,산일전기,235500.0,326500.0,38.64%,0.0,570175.0,0.0,0.0,0.00
222,KOSPI,005850,에스엘,66400.0,92000.0,38.55%,0.0,164854.0,0.0,0.0,0.00
223,KOSPI,079900,전진건설로봇,49450.0,68500.0,38.52%,0.0,135929.0,0.0,0.0,0.00
224,KOSPI,079430,현대리바트,6160.0,8533.0,38.52%,0.0,93404.0,0.0,0.0,0.00
225,KOSPI,011210,현대위아,72900.0,100600.0,38.00%,0.0,228140.0,0.0,0.0,0.00
226,KOSPI,138930,BNK금융지주,17740.0,24412.0,37.61%,0.0,1670369.0,0.0,0.0,0.00
227,KOSPI,016360,삼성증권,118900.0,163556.0,37.56%,0.0,589271.0,0.0,0.0,0.00
228,KOSPI,323410,카카오뱅크,22150.0,30458.0,37.51%,0.0,1271083.0,0.0,0.0,0.00
229,KOSPI,005500,삼진제약,18910.0,26000.0,37.49%,0.0,68979.0,0.0,0.0,0.00
230,KOSPI,329180,HD현대중공업,667000.0,915810.0,37.30%,0.0,542683.0,0.0,0.0,0.01
231,KOSPI,028050,삼성E&A,48650.0,66763.0,37.23%,0.0,3472057.0,0.0,0.0,0.00
232,KOSPI,014680,한솔케미칼,280500.0,384500.0,37.08%,0.0,78780.0,0.0,0.0,0.00
233,KOSPI,010950,S-Oil,105300.0,144200.0,36.94%,0.0,359927.0,0.0,0.0,0.00
234,KOSPI,001940,KISCO홀딩스,24100.0,33000.0,36.93%,0.0,12719.0,0.0,0.0,0.00
235,KOSPI,138040,메리츠금융지주,108100.0,148000.0,36.91%,0.0,469304.0,0.0,0.0,0.00
236,KOSPI,272450,진에어,6050.0,8250.0,36.36%,0.0,233342.0,0.0,0.0,0.00
237,KOSPI,267260,HD현대일렉트릭,1078000.0,1468571.0,36.23%,0.0,210942.0,0.0,0.0,0.00
238,KOSPI,032640,LG유플러스,14710.0,20000.0,35.96%,0.0,1742856.0,0.0,0.0,0.00
239,KOSPI,079550,LIG디펜스앤에어로스페이스,852000.0,1152941.0,35.32%,0.0,177739.0,0.0,0.0,0.00
240,KOSPI,039570,HDC랩스,7760.0,10500.0,35.31%,0.0,24051.0,0.0,0.0,0.00
241,KOSPI,483650,달바글로벌,214000.0,289250.0,35.16%,0.0,158855.0,0.0,0.0,0.00
242,KOSPI,009240,한샘,33300.0,45000.0,35.14%,0.0,63163.0,0.0,0.0,0.00
243,KOSPI,462870,시프트업,33300.0,45000.0,35.14%,0.0,674970.0,0.0,0.0,0.00
244,KOSPI,036570,NC,277000.0,374167.0,35.08%,0.0,245967.0,0.0,0.0,0.00
245,KOSPI,060980,HL홀딩스,42800.0,57667.0,34.74%,0.0,38795.0,0.0,0.0,0.00
246,KOSPI,271560,오리온,134000.0,180417.0,34.64%,0.0,120950.0,0.0,0.0,0.00
247,KOSPI,104700,한국철강,8920.0,12000.0,34.53%,0.0,47027.0,0.0,0.0,0.00
248,KOSPI,002990,금호건설,4200.0,5650.0,34.52%,0.0,198187.0,0.0,0.0,0.00
249,KOSPI,181710,NHN,38150.0,51273.0,34.40%,0.0,239284.0,0.0,0.0,0.00
250,KOSPI,278470,에이피알,385500.0,517222.0,34.17%,0.0,235271.0,0.0,0.0,0.00
251,KOSPI,000990,DB하이텍,156100.0,209000.0,33.89%,0.0,924562.0,0.0,0.0,0.00
252,KOSPI,009830,한화솔루션,38050.0,50928.0,33.84%,0.0,1640691.0,0.0,0.0,0.00
253,KOSPI,005380,현대차,613000.0,819615.0,33.71%,0.0,1831967.0,0.0,0.0,0.01
254,KOSPI,004150,한솔홀딩스,3445.0,4600.0,33.53%,0.0,270458.0,0.0,0.0,0.00
255,KOSPI,108320,LX세미콘,46450.0,62000.0,33.48%,0.0,123676.0,0.0,0.0,0.00
256,KOSPI,007070,GS리테일,23250.0,31000.0,33.33%,0.0,233473.0,0.0,0.0,0.00
257,KOSPI,012750,에스원,70500.0,94000.0,33.33%,0.0,88818.0,0.0,0.0,0.00
258,KOSPI,005940,NH투자증권,32000.0,42528.0,32.90%,0.0,1202341.0,0.0,0.0,0.00
259,KOSPI,000240,한국앤컴퍼니,24850.0,33000.0,32.80%,0.0,114965.0,0.0,0.0,0.00
260,KOSPI,042660,한화오션,128400.0,170316.0,32.64%,0.0,3363271.0,0.0,0.0,0.00
261,KOSPI,003070,코오롱글로벌,9810.0,13000.0,32.52%,0.0,34624.0,0.0,0.0,0.00
262,KOSPI,214320,이노션,19190.0,25375.0,32.23%,0.0,196141.0,0.0,0.0,0.00
263,KOSPI,030000,제일기획,19280.0,25417.0,31.83%,0.0,424962.0,0.0,0.0,0.00
264,KOSPI,024110,기업은행,21450.0,28250.0,31.70%,0.0,1547020.0,0.0,0.0,0.00
265,KOSPI,007340,DN오토모티브,42050.0,55000.0,30.80%,0.0,198851.0,0.0,0.0,0.00
266,KOSPI,003550,LG,108900.0,142000.0,30.39%,0.0,766676.0,0.0,0.0,0.00
267,KOSPI,034220,LG디스플레이,13570.0,17688.0,30.35%,0.0,6055322.0,0.0,0.0,0.00
268,KOSPI,192650,드림텍,5390.0,7000.0,29.87%,0.0,469866.0,0.0,0.0,0.00
269,KOSPI,001340,PKC,5940.0,7700.0,29.63%,0.0,499077.0,0.0,0.0,0.00
270,KOSPI,279570,케이뱅크,6950.0,9000.0,29.50%,0.0,6142008.0,0.0,0.0,0.00
271,KOSPI,005930,삼성전자,354000.0,457917.0,29.36%,0.0,43284898.0,0.0,0.0,0.21
272,KOSPI,105560,KB금융,158300.0,204632.0,29.27%,0.0,2181977.0,0.0,0.0,0.01
273,KOSPI,042700,한미반도체,295000.0,380000.0,28.81%,0.0,4125736.0,0.0,0.0,0.00
274,KOSPI,161390,한국타이어앤테크놀로지,66700.0,85733.0,28.54%,0.0,501268.0,0.0,0.0,0.00
275,KOSPI,037560,LG헬로비전,1998.0,2567.0,28.48%,0.0,1462151.0,0.0,0.0,0.00
276,KOSPI,082640,동양생명,7710.0,9900.0,28.40%,0.0,269275.0,0.0,0.0,0.00
277,KOSPI,055550,신한지주,100900.0,128611.0,27.46%,0.0,1899794.0,0.0,0.0,0.00
278,KOSPI,086790,하나금융지주,123500.0,157211.0,27.30%,0.0,1044016.0,0.0,0.0,0.00
279,KOSPI,012330,현대모비스,612000.0,778000.0,27.12%,0.0,902462.0,0.0,0.0,0.01
280,KOSPI,302440,SK바이오사이언스,38650.0,49000.0,26.78%,0.0,216896.0,0.0,0.0,0.00
281,KOSPI,031210,서울보증보험,44550.0,56000.0,25.70%,0.0,36871.0,0.0,0.0,0.00
282,KOSPI,000370,한화손해보험,6750.0,8471.0,25.50%,0.0,771466.0,0.0,0.0,0.00
283,KOSPI,192080,더블유게임즈,64800.0,81083.0,25.13%,0.0,178531.0,0.0,0.0,0.00
284,KOSPI,053210,스카이라이프,4445.0,5533.0,24.48%,0.0,41142.0,0.0,0.0,0.00
285,KOSPI,029780,삼성카드,49550.0,61500.0,24.12%,0.0,168166.0,0.0,0.0,0.00
286,KOSPI,089590,제주항공,4760.0,5900.0,23.95%,0.0,376930.0,0.0,0.0,0.00
287,KOSPI,353200,대덕전자,156300.0,191154.0,22.30%,0.0,1063186.0,0.0,0.0,0.00
288,KOSPI,017670,SK텔레콤,94900.0,115882.0,22.11%,0.0,2656228.0,0.0,0.0,0.00
289,KOSPI,003690,코리안리,13410.0,16333.0,21.80%,0.0,772742.0,0.0,0.0,0.00
290,KOSPI,383220,F&F,81300.0,98800.0,21.53%,0.0,129760.0,0.0,0.0,0.00
291,KOSPI,033780,KT&G,180000.0,217692.0,20.94%,0.0,311038.0,0.0,0.0,0.00
292,KOSPI,298040,효성중공업,3855000.0,4638462.0,20.32%,0.0,91290.0,0.0,0.0,0.00
293,KOSPI,007690,국도화학,34150.0,41000.0,20.06%,0.0,16990.0,0.0,0.0,0.00
294,KOSPI,088350,한화생명,5220.0,6242.0,19.58%,0.0,7732221.0,0.0,0.0,0.00
295,KOSPI,336260,두산퓨얼셀,65000.0,77500.0,19.23%,0.0,873538.0,0.0,0.0,0.00
296,KOSPI,007810,코리아써키트,119100.0,141000.0,18.39%,0.0,546811.0,0.0,0.0,0.00
297,KOSPI,093370,후성,16940.0,20000.0,18.06%,0.0,5202679.0,0.0,0.0,0.00
298,KOSPI,204320,HL만도,65300.0,76950.0,17.84%,0.0,1515643.0,0.0,0.0,0.00
299,KOSPI,051900,LG생활건강,235500.0,275333.0,16.91%,0.0,72004.0,0.0,0.0,0.00
300,KOSPI,003490,대한항공,27950.0,32231.0,15.32%,0.0,3870295.0,0.0,0.0,0.00
301,KOSPI,023530,롯데쇼핑,179900.0,205667.0,14.32%,0.0,160163.0,0.0,0.0,0.00
302,KOSPI,058430,포스코스틸리온,5500.0,6180.0,12.36%,0.0,1494956.0,0.0,0.0,0.00
303,KOSPI,018880,한온시스템,4515.0,5053.0,11.92%,0.0,13277605.0,0.0,0.0,0.00
304,KOSPI,010690,화신,14330.0,16000.0,11.65%,0.0,12028092.0,0.0,0.0,0.00
305,KOSPI,064400,LG씨엔에스,85800.0,95222.0,10.98%,0.0,1467433.0,0.0,0.0,0.00
306,KOSPI,011200,HMM,20150.0,22300.0,10.67%,0.0,2617721.0,0.0,0.0,0.00
307,KOSPI,011790,SKC,119600.0,130000.0,8.70%,0.0,913340.0,0.0,0.0,0.00
308,KOSPI,001450,현대해상,38450.0,41412.0,7.70%,0.0,507969.0,0.0,0.0,0.00
309,KOSPI,018260,삼성에스디에스,212000.0,228200.0,7.64%,0.0,517235.0,0.0,0.0,0.00
310,KOSPI,034730,SK,724000.0,772333.0,6.68%,0.0,465982.0,0.0,0.0,0.01
311,KOSPI,244920,에이플러스에셋,10820.0,11500.0,6.28%,0.0,104197.0,0.0,0.0,0.00
312,KOSPI,028260,삼성물산,491500.0,510769.0,3.92%,0.0,1429057.0,0.0,0.0,0.01
313,KOSPI,000660,SK하이닉스,2764000.0,2835000.0,2.57%,0.0,7478195.0,0.0,0.0,0.20
314,KOSPI,307950,현대오토에버,662000.0,665938.0,0.59%,0.0,199679.0,0.0,0.0,0.00
315,KOSPI,010120,LS ELECTRIC,259000.0,260000.0,0.39%,0.0,2760452.0,0.0,0.0,0.00
316,KOSPI,011070,LG이노텍,1145000.0,1102048.0,-3.75%,0.0,703406.0,0.0,0.0,0.00
317,KOSPI,004170,신세계,711000.0,679118.0,-4.48%,0.0,91840.0,0.0,0.0,0.00
318,KOSPI,000810,삼성화재,700000.0,665706.0,-4.90%,0.0,225695.0,0.0,0.0,0.00
319,KOSPI,001740,SK네트웍스,10430.0,9350.0,-10.35%,0.0,6866441.0,0.0,0.0,0.00
320,KOSPI,069960,현대백화점,194700.0,171375.0,-11.98%,0.0,232419.0,0.0,0.0,0.00
321,KOSPI,009150,삼성전기,2270000.0,1848600.0,-18.56%,0.0,1728303.0,0.0,0.0,0.02
322,KOSPI,066570,LG전자,211500.0,166750.0,-21.16%,0.0,2963743.0,0.0,0.0,0.00
323,KOSPI,402340,SK스퀘어,1780000.0,1401429.0,-21.27%,0.0,1516850.0,0.0,0.0,0.02
324,KOSPI,032830,삼성생명,497000.0,380321.0,-23.48%,0.0,681949.0,0.0,0.0,0.01
325,KOSPI,085620,미래에셋생명,34550.0,14000.0,-59.48%,0.0,4559248.0,0.0,0.0,0.00
326,KOSDAQ,318060,그래피,18940.0,62000.0,227.35%,0.0,208629.0,0.0,0.0,0.00
327,KOSDAQ,491000,리브스메드,39700.0,120000.0,202.27%,0.0,618064.0,0.0,0.0,0.00
328,KOSDAQ,032500,케이엠더블유,23450.0,70000.0,198.51%,0.0,466977.0,0.0,0.0,0.00
329,KOSDAQ,304360,에스바이오메딕스,21900.0,65000.0,196.80%,0.0,190249.0,0.0,0.0,0.00
330,KOSDAQ,125210,아모그린텍,8280.0,24000.0,189.86%,0.0,158026.0,0.0,0.0,0.00
331,KOSDAQ,456010,아이씨티케이,21000.0,60000.0,185.71%,0.0,398678.0,0.0,0.0,0.00
332,KOSDAQ,347700,스피어,25250.0,70000.0,177.23%,0.0,1728323.0,0.0,0.0,0.00
333,KOSDAQ,950160,코오롱티슈진,102100.0,280000.0,174.24%,0.0,382302.0,0.0,0.0,0.00
334,KOSDAQ,372320,큐로셀,29200.0,80000.0,173.97%,0.0,84322.0,0.0,0.0,0.00
335,KOSDAQ,115440,우리넷,9250.0,25000.0,170.27%,0.0,611002.0,0.0,0.0,0.00
336,KOSDAQ,290740,액트로,10740.0,29000.0,170.02%,0.0,74497.0,0.0,0.0,0.00
337,KOSDAQ,397030,에이프릴바이오,37800.0,100667.0,166.31%,0.0,441330.0,0.0,0.0,0.00
338,KOSDAQ,354320,알멕,45700.0,120000.0,162.58%,0.0,258791.0,0.0,0.0,0.00
339,KOSDAQ,024850,HLB이노베이션,13160.0,34500.0,162.16%,0.0,125763.0,0.0,0.0,0.00
340,KOSDAQ,043260,성호전자,38150.0,100000.0,162.12%,0.0,2273903.0,0.0,0.0,0.00
341,KOSDAQ,108380,대양전기공업,18710.0,48000.0,156.55%,0.0,100641.0,0.0,0.0,0.00
342,KOSDAQ,282720,금양그린파워,7810.0,20000.0,156.08%,0.0,70029.0,0.0,0.0,0.00
343,KOSDAQ,376270,HEM파마,51000.0,130000.0,154.90%,0.0,24536.0,0.0,0.0,0.00
344,KOSDAQ,073490,LIG아큐버,31450.0,80000.0,154.37%,0.0,126667.0,0.0,0.0,0.00
345,KOSDAQ,171090,선익시스템,68000.0,166333.0,144.61%,0.0,88143.0,0.0,0.0,0.00
346,KOSDAQ,107640,한중엔시에스,39750.0,97000.0,144.03%,0.0,118020.0,0.0,0.0,0.00
347,KOSDAQ,389650,넥스트바이오메디컬,40300.0,97667.0,142.35%,0.0,58537.0,0.0,0.0,0.00
348,KOSDAQ,451760,컨텍,11200.0,26700.0,138.39%,0.0,380230.0,0.0,0.0,0.00
349,KOSDAQ,327260,RF머트리얼즈,62600.0,148842.0,137.77%,0.0,117039.0,0.0,0.0,0.00
350,KOSDAQ,234340,헥토파이낸셜,21700.0,51500.0,137.33%,0.0,194189.0,0.0,0.0,0.00
351,KOSDAQ,041920,메디아나,13500.0,32000.0,137.04%,0.0,85024.0,0.0,0.0,0.00
352,KOSDAQ,125490,한라캐스트,10550.0,25000.0,136.97%,0.0,704830.0,0.0,0.0,0.00
353,KOSDAQ,226400,오스테오닉,4240.0,10000.0,135.85%,0.0,199352.0,0.0,0.0,0.00
354,KOSDAQ,473980,노머스,11510.0,27000.0,134.58%,0.0,112975.0,0.0,0.0,0.00
355,KOSDAQ,050890,쏠리드,11830.0,27333.0,131.05%,0.0,1337591.0,0.0,0.0,0.00
356,KOSDAQ,310210,보로노이,194900.0,450000.0,130.89%,0.0,109797.0,0.0,0.0,0.00
357,KOSDAQ,061090,세나테크놀로지,35000.0,80000.0,128.57%,0.0,46083.0,0.0,0.0,0.00
358,KOSDAQ,058970,엠로,19100.0,43000.0,125.13%,0.0,65459.0,0.0,0.0,0.00
359,KOSDAQ,042520,한스바이오메드,24500.0,55000.0,124.49%,0.0,155600.0,0.0,0.0,0.00
360,KOSDAQ,297090,씨에스베어링,4380.0,9800.0,123.74%,0.0,339926.0,0.0,0.0,0.00
361,KOSDAQ,048910,대원미디어,4950.0,11000.0,122.22%,0.0,45168.0,0.0,0.0,0.00
362,KOSDAQ,298380,에이비엘바이오,99100.0,220000.0,122.00%,0.0,423126.0,0.0,0.0,0.00
363,KOSDAQ,230240,에치에프알,23000.0,51000.0,121.74%,0.0,345814.0,0.0,0.0,0.00
364,KOSDAQ,458870,씨어스,32400.0,71750.0,121.45%,0.0,228593.0,0.0,0.0,0.00
365,KOSDAQ,099190,아이센스,16360.0,36000.0,120.05%,0.0,193568.0,0.0,0.0,0.00
366,KOSDAQ,054210,이랜텍,8230.0,18000.0,118.71%,0.0,188056.0,0.0,0.0,0.00
367,KOSDAQ,099430,바이오플러스,4345.0,9500.0,118.64%,0.0,541645.0,0.0,0.0,0.00
368,KOSDAQ,138080,오이솔루션,27600.0,60000.0,117.39%,0.0,387752.0,0.0,0.0,0.00
369,KOSDAQ,052400,코나아이,44650.0,96500.0,116.13%,0.0,85066.0,0.0,0.0,0.00
370,KOSDAQ,253450,스튜디오드래곤,23400.0,50083.0,114.03%,0.0,78160.0,0.0,0.0,0.00
371,KOSDAQ,394280,오픈엣지테크놀로지,13100.0,28000.0,113.74%,0.0,145891.0,0.0,0.0,0.00
372,KOSDAQ,474170,루미르,8680.0,18500.0,113.13%,0.0,383942.0,0.0,0.0,0.00
373,KOSDAQ,376300,디어유,22350.0,47429.0,112.21%,0.0,58914.0,0.0,0.0,0.00
374,KOSDAQ,490470,세미파이브,24550.0,52000.0,111.81%,0.0,603519.0,0.0,0.0,0.00
375,KOSDAQ,063570,NICE인프라,3305.0,7000.0,111.80%,0.0,65675.0,0.0,0.0,0.00
376,KOSDAQ,419530,SAMG엔터,26050.0,55000.0,111.13%,0.0,278662.0,0.0,0.0,0.00
377,KOSDAQ,361390,제노코,15250.0,32000.0,109.84%,0.0,147503.0,0.0,0.0,0.00
378,KOSDAQ,035760,CJ ENM,35750.0,74250.0,107.69%,0.0,63633.0,0.0,0.0,0.00
379,KOSDAQ,475960,토모큐브,36700.0,76000.0,107.08%,0.0,51769.0,0.0,0.0,0.00
380,KOSDAQ,405100,큐알티,14510.0,30000.0,106.75%,0.0,49761.0,0.0,0.0,0.00
381,KOSDAQ,295310,에이치브이엠,65800.0,136000.0,106.69%,0.0,594546.0,0.0,0.0,0.00
382,KOSDAQ,053580,웹케시,6330.0,13000.0,105.37%,0.0,36104.0,0.0,0.0,0.00
383,KOSDAQ,053030,바이넥스,7650.0,15500.0,102.61%,0.0,134748.0,0.0,0.0,0.00
384,KOSDAQ,039200,오스코텍,37150.0,75000.0,101.88%,0.0,426526.0,0.0,0.0,0.00
385,KOSDAQ,393890,더블유씨피,11730.0,23667.0,101.76%,0.0,271669.0,0.0,0.0,0.00
386,KOSDAQ,389020,자람테크놀로지,29750.0,60000.0,101.68%,0.0,77923.0,0.0,0.0,0.00
387,KOSDAQ,023160,태광,29150.0,58500.0,100.69%,0.0,196136.0,0.0,0.0,0.00
388,KOSDAQ,189300,인텔리안테크,91600.0,180833.0,97.42%,0.0,127959.0,0.0,0.0,0.00
389,KOSDAQ,121600,나노신소재,55900.0,110000.0,96.78%,0.0,59941.0,0.0,0.0,0.00
390,KOSDAQ,083650,비에이치아이,61200.0,120000.0,96.08%,0.0,317633.0,0.0,0.0,0.00
391,KOSDAQ,099320,쎄트렉아이,107100.0,210000.0,96.08%,0.0,99348.0,0.0,0.0,0.00
392,KOSDAQ,006730,서부T&D,10230.0,20000.0,95.50%,0.0,474409.0,0.0,0.0,0.00
393,KOSDAQ,243840,신흥에스이씨,5820.0,11350.0,95.02%,0.0,274250.0,0.0,0.0,0.00
394,KOSDAQ,086450,동국제약,18240.0,35500.0,94.63%,0.0,323416.0,0.0,0.0,0.00
395,KOSDAQ,091580,상신이디피,18000.0,35000.0,94.44%,0.0,203507.0,0.0,0.0,0.00
396,KOSDAQ,194700,노바렉스,13380.0,26000.0,94.32%,0.0,106084.0,0.0,0.0,0.00
397,KOSDAQ,388210,씨엠티엑스,103300.0,200500.0,94.09%,0.0,56411.0,0.0,0.0,0.00
398,KOSDAQ,086390,유니테스트,13670.0,26500.0,93.86%,0.0,173219.0,0.0,0.0,0.00
399,KOSDAQ,078600,대주전자재료,111600.0,215000.0,92.65%,0.0,234572.0,0.0,0.0,0.00
400,KOSDAQ,148150,세경하이테크,3380.0,6500.0,92.31%,0.0,89031.0,0.0,0.0,0.00
401,KOSDAQ,037440,희림,4170.0,8000.0,91.85%,0.0,683873.0,0.0,0.0,0.00
402,KOSDAQ,282880,코윈테크,11530.0,22000.0,90.81%,0.0,84852.0,0.0,0.0,0.00
403,KOSDAQ,214180,헥토이노베이션,14690.0,28000.0,90.61%,0.0,104038.0,0.0,0.0,0.00
404,KOSDAQ,476060,온코닉테라퓨틱스,15740.0,30000.0,90.60%,0.0,265267.0,0.0,0.0,0.00
405,KOSDAQ,441270,파인엠텍,7400.0,14000.0,89.19%,0.0,280442.0,0.0,0.0,0.00
406,KOSDAQ,417840,저스템,14280.0,27000.0,89.08%,0.0,630511.0,0.0,0.0,0.00
407,KOSDAQ,264450,유비쿼스,11780.0,22000.0,86.76%,0.0,96190.0,0.0,0.0,0.00
408,KOSDAQ,200670,휴메딕스,26850.0,50000.0,86.22%,0.0,55696.0,0.0,0.0,0.00
409,KOSDAQ,263750,펄어비스,39450.0,73125.0,85.36%,0.0,439685.0,0.0,0.0,0.00
410,KOSDAQ,450950,아스테라시스,7300.0,13500.0,84.93%,0.0,46324.0,0.0,0.0,0.00
411,KOSDAQ,033500,동성화인텍,18810.0,34667.0,84.30%,0.0,174752.0,0.0,0.0,0.00
412,KOSDAQ,114840,아이패밀리에스씨,8420.0,15500.0,84.09%,0.0,52182.0,0.0,0.0,0.00
413,KOSDAQ,051500,CJ프레시웨이,24200.0,44333.0,83.19%,0.0,24978.0,0.0,0.0,0.00
414,KOSDAQ,058610,에스피지,87600.0,160000.0,82.65%,0.0,237659.0,0.0,0.0,0.00
415,KOSDAQ,030520,한글과컴퓨터,18920.0,34333.0,81.46%,0.0,172633.0,0.0,0.0,0.00
416,KOSDAQ,218410,RFHIC,73100.0,132600.0,81.40%,0.0,297235.0,0.0,0.0,0.00
417,KOSDAQ,094360,칩스앤미디어,13800.0,25000.0,81.16%,0.0,89446.0,0.0,0.0,0.00
418,KOSDAQ,241710,코스메카코리아,64700.0,117111.0,81.01%,0.0,123153.0,0.0,0.0,0.00
419,KOSDAQ,213420,덕산네오룩스,35500.0,63857.0,79.88%,0.0,123810.0,0.0,0.0,0.00
420,KOSDAQ,394420,리센스메디컬,22300.0,40000.0,79.37%,0.0,253991.0,0.0,0.0,0.00
421,KOSDAQ,348210,넥스틴,52700.0,94500.0,79.32%,0.0,179318.0,0.0,0.0,0.00
422,KOSDAQ,215000,골프존,40000.0,71500.0,78.75%,0.0,43326.0,0.0,0.0,0.00
423,KOSDAQ,112040,위메이드,16900.0,30000.0,77.51%,0.0,150762.0,0.0,0.0,0.00
424,KOSDAQ,060250,NHN KCP,14130.0,25000.0,76.93%,0.0,355209.0,0.0,0.0,0.00
425,KOSDAQ,200710,에이디테크놀로지,34750.0,61250.0,76.26%,0.0,161326.0,0.0,0.0,0.00
426,KOSDAQ,257720,실리콘투,33200.0,58500.0,76.20%,0.0,677609.0,0.0,0.0,0.00
427,KOSDAQ,336570,원텍,5870.0,10333.0,76.03%,0.0,787998.0,0.0,0.0,0.00
428,KOSDAQ,077360,덕산하이메탈,12590.0,22000.0,74.74%,0.0,1032999.0,0.0,0.0,0.00
429,KOSDAQ,093520,매커스,18950.0,33000.0,74.14%,0.0,37542.0,0.0,0.0,0.00
430,KOSDAQ,114810,한솔아이원스,13780.0,23900.0,73.44%,0.0,219258.0,0.0,0.0,0.00
431,KOSDAQ,042000,카페24,18460.0,32000.0,73.35%,0.0,74797.0,0.0,0.0,0.00
432,KOSDAQ,018290,브이티,11850.0,20500.0,73.00%,0.0,190987.0,0.0,0.0,0.00
433,KOSDAQ,389500,에스비비테크,49850.0,86000.0,72.52%,0.0,156696.0,0.0,0.0,0.00
434,KOSDAQ,195940,HK이노엔,40300.0,68231.0,69.31%,0.0,140113.0,0.0,0.0,0.00
435,KOSDAQ,043610,KT지니뮤직,1477.0,2500.0,69.26%,0.0,92460.0,0.0,0.0,0.00
436,KOSDAQ,462350,이노스페이스,11110.0,18752.0,68.78%,0.0,381380.0,0.0,0.0,0.00
437,KOSDAQ,041510,에스엠,76400.0,128737.0,68.50%,0.0,97258.0,0.0,0.0,0.00
438,KOSDAQ,089600,KT나스미디어,9940.0,16667.0,67.68%,0.0,20532.0,0.0,0.0,0.00
439,KOSDAQ,085910,네오티스,25650.0,43000.0,67.64%,0.0,193256.0,0.0,0.0,0.00
440,KOSDAQ,214150,클래시스,46700.0,78200.0,67.45%,0.0,220722.0,0.0,0.0,0.00
441,KOSDAQ,214450,파마리서치,294000.0,492308.0,67.45%,0.0,79980.0,0.0,0.0,0.00
442,KOSDAQ,089980,상아프론테크,17970.0,30000.0,66.94%,0.0,36438.0,0.0,0.0,0.00
443,KOSDAQ,035900,JYP Ent.,54500.0,90941.0,66.86%,0.0,186261.0,0.0,0.0,0.00
444,KOSDAQ,232140,와이씨,14400.0,24000.0,66.67%,0.0,719172.0,0.0,0.0,0.00
445,KOSDAQ,237690,에스티팜,121800.0,202643.0,66.37%,0.0,112347.0,0.0,0.0,0.00
446,KOSDAQ,089010,켐트로닉스,28900.0,48000.0,66.09%,0.0,342271.0,0.0,0.0,0.00
447,KOSDAQ,039840,디오,13650.0,22667.0,66.06%,0.0,49547.0,0.0,0.0,0.00
448,KOSDAQ,122870,와이지엔터테인먼트,45250.0,74632.0,64.93%,0.0,92118.0,0.0,0.0,0.00
449,KOSDAQ,141080,리가켐바이오,134600.0,221667.0,64.69%,0.0,346880.0,0.0,0.0,0.00
450,KOSDAQ,031980,피에스케이홀딩스,112500.0,184500.0,64.00%,0.0,199295.0,0.0,0.0,0.00
451,KOSDAQ,272290,이녹스첨단소재,27450.0,45000.0,63.93%,0.0,154043.0,0.0,0.0,0.00
452,KOSDAQ,486990,노타,23200.0,38000.0,63.79%,0.0,251447.0,0.0,0.0,0.00
453,KOSDAQ,078340,컴투스,24200.0,39600.0,63.64%,0.0,63413.0,0.0,0.0,0.00
454,KOSDAQ,080580,오킨스전자,17160.0,28000.0,63.17%,0.0,368689.0,0.0,0.0,0.00
455,KOSDAQ,054450,텔레칩스,12290.0,20000.0,62.73%,0.0,145288.0,0.0,0.0,0.00
456,KOSDAQ,290550,디케이티,20900.0,34000.0,62.68%,0.0,554320.0,0.0,0.0,0.00
457,KOSDAQ,036620,감성코퍼레이션,4645.0,7550.0,62.54%,0.0,984020.0,0.0,0.0,0.00
458,KOSDAQ,183300,코미코,105200.0,170932.0,62.48%,0.0,273899.0,0.0,0.0,0.00
459,KOSDAQ,095660,네오위즈,18030.0,29273.0,62.36%,0.0,115238.0,0.0,0.0,0.00
460,KOSDAQ,222040,코스맥스엔비티,6170.0,10000.0,62.07%,0.0,152887.0,0.0,0.0,0.00
461,KOSDAQ,054950,제이브이엠,21500.0,34800.0,61.86%,0.0,21269.0,0.0,0.0,0.00
462,KOSDAQ,014620,성광벤드,30700.0,49333.0,60.69%,0.0,124543.0,0.0,0.0,0.00
463,KOSDAQ,196170,알테오젠,353500.0,566667.0,60.30%,0.0,578223.0,0.0,0.0,0.00
464,KOSDAQ,096530,씨젠,27800.0,44500.0,60.07%,0.0,186817.0,0.0,0.0,0.00
465,KOSDAQ,353810,이지바이오,6250.0,10000.0,60.00%,0.0,107343.0,0.0,0.0,0.00
466,KOSDAQ,095340,ISC,186000.0,297500.0,59.95%,0.0,570103.0,0.0,0.0,0.00
467,KOSDAQ,036810,에프에스티,30100.0,48000.0,59.47%,0.0,102270.0,0.0,0.0,0.00
468,KOSDAQ,215200,메가스터디교육,37800.0,60000.0,58.73%,0.0,39734.0,0.0,0.0,0.00
469,KOSDAQ,067160,SOOP,46800.0,74167.0,58.48%,0.0,56366.0,0.0,0.0,0.00
470,KOSDAQ,040420,정상제이엘에스,5680.0,9000.0,58.45%,0.0,20032.0,0.0,0.0,0.00
471,KOSDAQ,060370,LS마린솔루션,28950.0,45500.0,57.17%,0.0,192355.0,0.0,0.0,0.00
472,KOSDAQ,044490,태웅,35000.0,55000.0,57.14%,0.0,233693.0,0.0,0.0,0.00
473,KOSDAQ,023910,대한약품,25500.0,40000.0,56.86%,0.0,25344.0,0.0,0.0,0.00
474,KOSDAQ,145020,휴젤,242000.0,379167.0,56.68%,0.0,70422.0,0.0,0.0,0.00
475,KOSDAQ,365340,성일하이텍,49500.0,77250.0,56.06%,0.0,67197.0,0.0,0.0,0.00
476,KOSDAQ,322310,오로스테크놀로지,27600.0,43000.0,55.80%,0.0,167237.0,0.0,0.0,0.00
477,KOSDAQ,083500,에프엔에스테크,17910.0,27900.0,55.78%,0.0,126062.0,0.0,0.0,0.00
478,KOSDAQ,013030,하이록코리아,34050.0,53000.0,55.65%,0.0,52287.0,0.0,0.0,0.00
479,KOSDAQ,058470,리노공업,92600.0,143857.0,55.35%,0.0,1719645.0,0.0,0.0,0.00
480,KOSDAQ,277810,레인보우로보틱스,590000.0,915000.0,55.08%,0.0,124349.0,0.0,0.0,0.00
481,KOSDAQ,060720,KH바텍,11450.0,17750.0,55.02%,0.0,242474.0,0.0,0.0,0.00
482,KOSDAQ,080160,모두투어,9040.0,14000.0,54.87%,0.0,78562.0,0.0,0.0,0.00
483,KOSDAQ,104830,원익머트리얼즈,45250.0,70000.0,54.70%,0.0,132976.0,0.0,0.0,0.00
484,KOSDAQ,119610,인터로조,16840.0,26000.0,54.39%,0.0,81127.0,0.0,0.0,0.00
485,KOSDAQ,074600,원익QnC,35650.0,55000.0,54.28%,0.0,474133.0,0.0,0.0,0.00
486,KOSDAQ,043150,바텍,18720.0,28875.0,54.25%,0.0,34192.0,0.0,0.0,0.00
487,KOSDAQ,068930,디지털대성,7480.0,11500.0,53.74%,0.0,26762.0,0.0,0.0,0.00
488,KOSDAQ,340570,티앤엘,55000.0,84500.0,53.64%,0.0,68990.0,0.0,0.0,0.00
489,KOSDAQ,100120,뷰웍스,24650.0,37667.0,52.81%,0.0,28838.0,0.0,0.0,0.00
490,KOSDAQ,046440,KG파이낸셜,4060.0,6200.0,52.71%,0.0,127797.0,0.0,0.0,0.00
491,KOSDAQ,051370,인터플렉스,8860.0,13500.0,52.37%,0.0,111853.0,0.0,0.0,0.00
492,KOSDAQ,011560,세보엠이씨,21150.0,32000.0,51.30%,0.0,38130.0,0.0,0.0,0.00
493,KOSDAQ,482630,삼양엔씨켐,19420.0,29250.0,50.62%,0.0,940602.0,0.0,0.0,0.00
494,KOSDAQ,064760,티씨케이,258500.0,388750.0,50.39%,0.0,105975.0,0.0,0.0,0.00
495,KOSDAQ,053450,세코닉스,3990.0,6000.0,50.38%,0.0,265626.0,0.0,0.0,0.00
496,KOSDAQ,033160,엠케이전자,28000.0,42000.0,50.00%,0.0,858171.0,0.0,0.0,0.00
497,KOSDAQ,092130,이크레더블,14060.0,21000.0,49.36%,0.0,9147.0,0.0,0.0,0.00
498,KOSDAQ,247540,에코프로비엠,169400.0,252611.0,49.12%,0.0,905391.0,0.0,0.0,0.00
499,KOSDAQ,025900,동화기업,7390.0,11000.0,48.85%,0.0,62765.0,0.0,0.0,0.00
500,KOSDAQ,357780,솔브레인,366000.0,543778.0,48.57%,0.0,215600.0,0.0,0.0,0.00
501,KOSDAQ,049070,인탑스,20200.0,30000.0,48.51%,0.0,386861.0,0.0,0.0,0.00
502,KOSDAQ,039440,에스티아이,29650.0,44000.0,48.40%,0.0,174165.0,0.0,0.0,0.00
503,KOSDAQ,056190,에스에프에이,26050.0,38500.0,47.79%,0.0,146450.0,0.0,0.0,0.00
504,KOSDAQ,293490,카카오게임즈,8810.0,13000.0,47.56%,0.0,211486.0,0.0,0.0,0.00
505,KOSDAQ,251970,펌텍코리아,35500.0,52333.0,47.42%,0.0,23263.0,0.0,0.0,0.00
506,KOSDAQ,092730,네오팜,16970.0,25000.0,47.32%,0.0,35828.0,0.0,0.0,0.00
507,KOSDAQ,166090,하나머티리얼즈,64500.0,95000.0,47.29%,0.0,196820.0,0.0,0.0,0.00
508,KOSDAQ,131970,두산테스나,134400.0,197667.0,47.07%,0.0,337889.0,0.0,0.0,0.00
509,KOSDAQ,036540,SFA반도체,6800.0,10000.0,47.06%,0.0,2299886.0,0.0,0.0,0.00
510,KOSDAQ,278280,천보,42850.0,63000.0,47.02%,0.0,143557.0,0.0,0.0,0.00
511,KOSDAQ,098460,고영,33050.0,48417.0,46.50%,0.0,1888664.0,0.0,0.0,0.00
512,KOSDAQ,330860,네패스아크,50300.0,73500.0,46.12%,0.0,261990.0,0.0,0.0,0.00
513,KOSDAQ,237880,클리오,10020.0,14500.0,44.71%,0.0,52972.0,0.0,0.0,0.00
514,KOSDAQ,086900,메디톡스,83900.0,120000.0,43.03%,0.0,49836.0,0.0,0.0,0.00
515,KOSDAQ,140860,파크시스템스,255500.0,364143.0,42.52%,0.0,59740.0,0.0,0.0,0.00
516,KOSDAQ,036200,유니셈,10570.0,15000.0,41.91%,0.0,550718.0,0.0,0.0,0.00
517,KOSDAQ,091700,파트론,6400.0,9000.0,40.62%,0.0,338402.0,0.0,0.0,0.00
518,KOSDAQ,236200,슈프리마,44900.0,63000.0,40.31%,0.0,28255.0,0.0,0.0,0.00
519,KOSDAQ,126340,비나텍,121800.0,168500.0,38.34%,0.0,306852.0,0.0,0.0,0.00
520,KOSDAQ,356860,티엘비,86700.0,118806.0,37.03%,0.0,187715.0,0.0,0.0,0.00
521,KOSDAQ,383310,에코프로에이치엔,33350.0,45000.0,34.93%,0.0,617814.0,0.0,0.0,0.00
522,KOSDAQ,035600,KG이니시스,9700.0,13050.0,34.54%,0.0,92085.0,0.0,0.0,0.00
523,KOSDAQ,108490,로보티즈,287000.0,385600.0,34.36%,0.0,243135.0,0.0,0.0,0.00
524,KOSDAQ,228850,레이언스,6380.0,8400.0,31.66%,0.0,19791.0,0.0,0.0,0.00
525,KOSDAQ,069080,웹젠,11400.0,15000.0,31.58%,0.0,239894.0,0.0,0.0,0.00
526,KOSDAQ,130580,나이스디앤비,5320.0,7000.0,31.58%,0.0,6374.0,0.0,0.0,0.00
527,KOSDAQ,102710,이엔에프테크놀로지,50700.0,66000.0,30.18%,0.0,149107.0,0.0,0.0,0.00
528,KOSDAQ,021320,KCC건설,5010.0,6500.0,29.74%,0.0,33229.0,0.0,0.0,0.00
529,KOSDAQ,082920,비츠로셀,43600.0,56000.0,28.44%,0.0,430626.0,0.0,0.0,0.00
530,KOSDAQ,440110,파두,101400.0,130000.0,28.21%,0.0,956341.0,0.0,0.0,0.00
531,KOSDAQ,041830,인바디,46450.0,58500.0,25.94%,0.0,129378.0,0.0,0.0,0.00
532,KOSDAQ,036800,나이스정보통신,27950.0,35000.0,25.22%,0.0,20931.0,0.0,0.0,0.00
533,KOSDAQ,420770,기가비스,139000.0,172500.0,24.10%,0.0,99084.0,0.0,0.0,0.00
534,KOSDAQ,204270,제이앤티씨,21000.0,26000.0,23.81%,0.0,184554.0,0.0,0.0,0.00
535,KOSDAQ,100130,동국S&C,1628.0,2000.0,22.85%,0.0,209568.0,0.0,0.0,0.00
536,KOSDAQ,211050,인카금융서비스,9850.0,12000.0,21.83%,0.0,102349.0,0.0,0.0,0.00
537,KOSDAQ,043370,피에이치에이,12320.0,15000.0,21.75%,0.0,30616.0,0.0,0.0,0.00
538,KOSDAQ,403870,HPSP,56600.0,68167.0,20.44%,0.0,10142673.0,0.0,0.0,0.00
539,KOSDAQ,067310,하나마이크론,49000.0,58750.0,19.90%,0.0,2250615.0,0.0,0.0,0.00
540,KOSDAQ,122640,예스티,34800.0,41500.0,19.25%,0.0,1744369.0,0.0,0.0,0.00
541,KOSDAQ,013120,동원개발,2275.0,2700.0,18.68%,0.0,161728.0,0.0,0.0,0.00
542,KOSDAQ,170920,엘티씨,50700.0,60000.0,18.34%,0.0,449817.0,0.0,0.0,0.00
543,KOSDAQ,222800,심텍,124300.0,146250.0,17.66%,0.0,930246.0,0.0,0.0,0.00
544,KOSDAQ,089970,브이엠,88400.0,103500.0,17.08%,0.0,446439.0,0.0,0.0,0.00
545,KOSDAQ,131290,티에스이,244000.0,285000.0,16.80%,0.0,107554.0,0.0,0.0,0.00
546,KOSDAQ,178320,서진시스템,67500.0,78000.0,15.56%,0.0,1153593.0,0.0,0.0,0.00
547,KOSDAQ,033640,네패스,32650.0,36000.0,10.26%,0.0,451150.0,0.0,0.0,0.00
548,KOSDAQ,039030,이오테크닉스,498500.0,549400.0,10.21%,0.0,210637.0,0.0,0.0,0.00
549,KOSDAQ,052710,아모텍,32600.0,35500.0,8.90%,0.0,1097400.0,0.0,0.0,0.00
550,KOSDAQ,240810,원익IPS,156000.0,165000.0,5.77%,0.0,1529659.0,0.0,0.0,0.00
551,KOSDAQ,095610,테스,166200.0,166000.0,-0.12%,0.0,388751.0,0.0,0.0,0.00
552,KOSDAQ,064290,인텍플러스,46250.0,44500.0,-3.78%,0.0,645741.0,0.0,0.0,0.00
553,KOSDAQ,290650,엘앤씨바이오,84500.0,80000.0,-5.33%,0.0,351604.0,0.0,0.0,0.00
554,KOSDAQ,084370,유진테크,167600.0,156667.0,-6.52%,0.0,225136.0,0.0,0.0,0.00
555,KOSDAQ,319660,피에스케이,165000.0,154143.0,-6.58%,0.0,516197.0,0.0,0.0,0.00
556,KOSDAQ,149950,아바텍,17310.0,16000.0,-7.57%,0.0,2371086.0,0.0,0.0,0.00
557,KOSDAQ,036930,주성엔지니어링,193100.0,154500.0,-19.99%,0.0,2677791.0,0.0,0.0,0.00
